Column,Signal Timestamp,Size,Entry Timestamp,Exit Timestamp,Avg Entry Price,Avg Exit Price,entry_cost,proceeds,PnL,Return [%],Duration,Exit Reason,Day Trade
HTZ,2025-04-21,2639,2025-04-22,2025-04-22,7.57,8.9205,19997.207229999996,23517.658300500003,3520.4510705000066,17.604713648306824,0,trailing_stop,True
SRAD,2025-04-21,833,2025-04-22,2025-04-22,23.97,24.5575,19986.977009999995,20435.9411025,448.9640925000058,2.2462831286361062,0,trailing_stop,True
DFDV,2025-04-22,3294,2025-04-23,2025-04-23,6.371,7.93155,21007.060073999997,26100.399174299997,5093.3391003,24.245844408299288,0,trailing_stop,True
DFDV,2025-04-23,2863,2025-04-24,2025-04-24,7.733,7.84605,22161.718578999997,22440.777908850003,279.0593298500062,1.2591953501044584,0,trailing_stop,True
DFDV,2025-04-24,3000,2025-04-25,2025-04-25,7.443,8.5405,22351.328999999998,25595.8785,3244.549500000001,14.51613682568944,0,trailing_stop,True
SAN,2025-04-21,2973,2025-04-22,2025-04-28,6.729,7.267320000000001,20025.322317,21584.13661764,1558.8143006400023,7.784215784215798,6,take_profit,False
DFDV,2025-04-25,3024,2025-04-28,2025-04-28,7.671,9.031649999999999,23220.301104,27284.3978904,4064.0967864000013,17.5023431789173,0,trailing_stop,True
DFDV,2025-04-28,2518,2025-04-29,2025-04-29,9.523,10.563999999999998,24002.892913999996,26573.551847999996,2570.658933999999,10.709787954353732,0,trailing_stop,True
BBVA,2025-04-21,1530,2025-04-22,2025-04-30,13.06,13.176499999999999,20001.781799999997,20139.884954999998,138.1031550000007,0.6904542624297738,8,trailing_stop,False
LB,2025-04-28,335,2025-04-29,2025-04-30,73.04,70.6515,24492.8684,23644.5842475,-848.2841525000003,-3.463392439980617,1,trailing_stop,False
DFDV,2025-04-29,2507,2025-04-30,2025-04-30,9.714,10.336,24377.350997999998,25886.439648,1509.0886500000015,6.190535838466671,0,trailing_stop,True
DFDV,2025-04-30,2447,2025-05-01,2025-05-01,9.999,11.399999999999999,24492.020553,27867.904199999997,3375.8836469999987,13.783606132841042,0,trailing_stop,True
PPC,2025-04-30,548,2025-05-01,2025-05-01,46.17,44.365,25326.461159999995,24287.70798,-1038.753179999996,-4.101454101454083,0,trailing_stop,True
DFDV,2025-05-01,2074,2025-05-02,2025-05-02,12.14,12.3975,25203.53836,25686.702585,483.16422500000044,1.9170491781694388,0,trailing_stop,True
DFDV,2025-05-02,2468,2025-05-05,2025-05-05,10.3,10.45,25445.820399999997,25764.8094,318.9890000000014,1.2536007681638761,0,trailing_stop,True
CORT,2025-05-01,345,2025-05-02,2025-05-06,71.88,71.63475,24823.398599999997,24689.27476125,-134.12383874999796,-0.5403121502871033,4,trailing_stop,False
DFDV,2025-05-05,2723,2025-05-06,2025-05-06,9.286,9.994,25311.063777999996,27186.448338000002,1875.3845600000059,7.409347060434746,0,trailing_stop,True
AHR,2025-04-22,737,2025-04-23,2025-05-07,29.77,32.1516,21962.430489999995,23672.0334708,1709.6029808000058,7.78421578421582,14,take_profit,False
DFDV,2025-05-06,2533,2025-05-07,2025-05-07,10.2,9.984499999999999,25862.436599999997,25265.447761499996,-596.9888385000013,-2.3083240289122675,0,trailing_stop,True
TPR,2025-04-30,361,2025-05-01,2025-05-08,69.62,75.8385,25157.952820000002,27350.3208015,2192.367981499996,8.714413279911692,7,trailing_stop,False
LB,2025-05-06,325,2025-05-07,2025-05-08,77.63,75.0025,25254.97975,24351.4366875,-903.5430624999972,-3.577682783531022,1,trailing_stop,False
DFDV,2025-05-07,2692,2025-05-08,2025-05-08,9.417,9.0383,25375.914563999995,24306.772496399997,-1069.142067599998,-4.213215901651701,0,trailing_stop,True
PRCH,2025-05-07,2311,2025-05-08,2025-05-08,10.65,10.782499999999999,24636.76215,24893.4391425,256.6769925000008,1.0418454784651976,0,trailing_stop,True
DFDV,2025-05-08,2899,2025-05-09,2025-05-09,8.813,10.820500000000001,25574.435887,31337.260870500002,5762.824983500002,22.533537040515373,0,trailing_stop,True
SRAD,2025-05-08,1164,2025-05-09,2025-05-12,22.88,22.1255,26658.952319999997,25728.327918,-930.6244019999976,-3.4908513689107967,3,trailing_stop,False
TPR,2025-05-08,345,2025-05-09,2025-05-12,77.24,83.4192,26674.447799999998,28750.844376,2076.396576000003,7.784215784215798,3,take_profit,False
DFDV,2025-05-09,2362,2025-05-12,2025-05-12,11.49,13.262,27166.519379999998,31293.519156000002,4126.999776000004,15.191492580526544,0,trailing_stop,True
DFDV,2025-05-12,2065,2025-05-13,2025-05-13,13.5,13.2905,27905.3775,27417.4376175,-487.93988249999893,-1.7485514485514497,0,trailing_stop,True
UPXI,2025-05-12,2585,2025-05-13,2025-05-13,10.71,10.459499999999998,27713.03535,27010.769692499995,-702.2656575000037,-2.534062576079399,0,trailing_stop,True
DFDV,2025-05-13,2048,2025-05-14,2025-05-14,13.57,13.6705,27819.151359999996,27969.186816,150.03545600000507,0.5393243455144914,0,trailing_stop,True
QBTS,2025-05-13,2536,2025-05-14,2025-05-14,10.94,11.058,27771.583839999996,28015.044912,243.46107200000552,0.876655337350063,0,trailing_stop,True
UPXI,2025-05-14,2911,2025-05-15,2025-05-15,9.6,9.4145,27973.545599999994,27378.2038905,-595.3417094999932,-2.1282311438561186,0,trailing_stop,True
RBRK,2025-05-15,318,2025-05-16,2025-05-19,87.5,83.125,27852.824999999997,26407.31625,-1445.5087499999972,-5.189810189810185,3,trailing_stop,False
DFDV,2025-05-19,1457,2025-05-20,2025-05-20,19.18,25.517,27973.205259999995,37141.090731,9167.885471000001,32.77381117318554,0,trailing_stop,True
UPXI,2025-05-20,2961,2025-05-21,2025-05-21,10.0,12.254999999999999,29639.609999999997,36250.767945,6611.157945000003,22.305144855144874,0,trailing_stop,True
DFDV,2025-05-21,912,2025-05-22,2025-05-22,33.92,51.186,30965.975039999998,46634.950368,15668.975328,50.60061989896896,0,trailing_stop,True
DFDV,2025-05-22,894,2025-05-23,2025-05-23,38.0,38.1995,34005.971999999994,34116.202647000006,110.23064700001123,0.32415084915087267,0,trailing_stop,True
GRPN,2025-05-23,1277,2025-05-27,2025-05-27,26.87,27.057425,34347.30299,34517.779393275,170.47640327500267,0.4963312645672291,0,trailing_stop,True
GRPN,2025-05-27,1193,2025-05-28,2025-05-30,28.52,28.4335,34058.38436,33887.24433449999,-171.1400255000044,-0.5024901465995546,2,trailing_stop,False
GRPN,2025-05-30,1161,2025-06-02,2025-06-02,29.5,30.8275,34283.7495,35754.9367725,1471.1872724999994,4.291208791208789,0,trailing_stop,True
BBVA,2025-05-12,1935,2025-05-13,2025-06-03,14.12,14.307,27349.522199999996,27656.360955,306.8387550000043,1.1219163272987887,21,trailing_stop,False
DFDV,2025-06-03,1791,2025-06-04,2025-06-04,19.12,18.5535,34278.16391999999,33196.0891815,-1082.0747384999922,-3.156746496181617,0,trailing_stop,True
DFDV,2025-06-04,2046,2025-06-05,2025-06-05,16.7,15.998,34202.36819999999,32699.176091999998,-1503.192107999992,-4.39499422732953,0,trailing_stop,True
DFDV,2025-06-05,2294,2025-06-06,2025-06-06,14.81,18.6485,34008.11414,42736.879341,8728.765201000002,25.666713435113174,0,trailing_stop,True
ODD,2025-06-02,444,2025-06-03,2025-06-09,77.44,75.22138,34417.74336,33364.89442728,-1052.8489327200004,-3.0590295293549397,6,trailing_stop,False
DFDV,2025-06-06,1685,2025-06-09,2025-06-09,20.73,24.224999999999998,34964.98005,40778.305875,5813.325825,16.62613797201351,0,trailing_stop,True
ASST,2025-06-09,329,2025-06-10,2025-06-10,110.8,105.44999999999999,36489.65319999999,34658.356949999994,-1831.2962499999994,-5.018672663076995,0,trailing_stop,True
DFDV,2025-06-09,1402,2025-06-10,2025-06-10,25.84,26.599999999999998,36263.90768,37255.9068,991.9991200000004,2.735499794323326,0,trailing_stop,True
ASST,2025-06-10,345,2025-06-11,2025-06-11,105.4,128.06,36399.363,44136.51930000001,7737.15630000001,21.25629588627693,0,trailing_stop,True
NAKA,2025-06-10,3286,2025-06-11,2025-06-11,11.65,19.189999999999998,38320.181899999996,62995.281659999986,24675.09975999999,64.39191709577973,0,trailing_stop,True
DFDV,2025-06-11,1836,2025-06-12,2025-06-12,23.41,31.236,43023.74076,57291.946704,14268.205944000001,33.163564329732644,0,trailing_stop,True
ASST,2025-06-11,381,2025-06-12,2025-06-12,120.4,123.11999999999999,45918.272399999994,46861.811279999994,943.5388800000001,2.0548222541578065,0,trailing_stop,True
DFDV,2025-06-12,1551,2025-06-13,2025-06-13,29.57,29.9345,45908.93306999999,46381.981090500005,473.0480205000131,1.0304051714264961,0,trailing_stop,True
ASST,2025-06-12,383,2025-06-13,2025-06-13,116.4,115.89999999999999,44625.7812,44345.3103,-280.47090000000026,-0.6284952161240809,0,trailing_stop,True
SAN,2025-05-14,3675,2025-05-15,2025-06-16,7.599,8.20692,27954.251324999997,30130.270569,2176.019244000003,7.784215784215798,32,take_profit,False
DFDV,2025-06-13,1658,2025-06-16,2025-06-16,27.83,31.6255,46188.282139999996,52382.643920999995,6194.361781,13.411110987467435,0,trailing_stop,True
ASST,2025-06-13,422,2025-06-16,2025-06-16,111.8,111.71999999999998,47226.779599999994,47098.69416,-128.0854399999953,-0.27121358069478463,0,trailing_stop,True
OKLO,2025-06-16,693,2025-06-17,2025-06-17,68.26,65.93,47351.48417999999,45643.80051000001,-1707.683669999984,-3.606399460486742,0,trailing_stop,True
DFDV,2025-06-16,1551,2025-06-17,2025-06-17,30.0,32.0625,46576.52999999999,49679.208562499996,3102.678562500005,6.661463536463552,0,trailing_stop,True
ASST,2025-06-16,416,2025-06-17,2025-06-17,112.6,107.91999999999999,46888.44159999999,44849.82528,-2038.6163199999937,-4.347801399311157,0,trailing_stop,True
OKLO,2025-06-17,746,2025-06-18,2025-06-18,63.265,60.762,47242.885689999996,45283.123547999996,-1959.7621419999996,-4.14826933913317,0,trailing_stop,True
DFDV,2025-06-17,1556,2025-06-18,2025-06-18,30.2,30.950999999999997,47038.191199999994,48111.59624399999,1073.4050439999992,2.281986225694843,0,trailing_stop,True
ASST,2025-06-17,455,2025-06-18,2025-06-18,103.8,105.61149999999999,47276.22899999999,48005.179267499996,728.950267500004,1.5418959653063835,0,trailing_stop,True
DFDV,2025-06-18,1498,2025-06-20,2025-06-20,31.49,29.915499999999998,47219.192019999995,44768.605580999996,-2450.586438999999,-5.189810189810185,0,trailing_stop,True
ASST,2025-06-18,451,2025-06-20,2025-06-20,100.0,100.50999999999999,45145.1,45284.67999,139.57998999999836,0.30918081918080986,0,trailing_stop,True
NVTS,2025-06-18,6428,2025-06-20,2025-06-20,7.11,7.0965,45748.783079999994,45570.685697999994,-178.09738199999993,-0.38929425005373997,0,trailing_stop,True
DFDV,2025-06-20,1961,2025-06-23,2025-06-23,23.8,25.820999999999998,46718.4718,50584.34601899999,3865.8742189999903,8.274830211804973,0,trailing_stop,True
ASST,2025-06-20,487,2025-06-23,2025-06-23,96.6,97.66,47091.244199999994,47512.85958,421.6153800000029,0.8953158642599712,0,trailing_stop,True
NVTS,2025-06-20,6956,2025-06-23,2025-06-23,6.8,6.9445,47348.10079999999,48257.636058,909.5352580000035,1.9209540459540486,0,trailing_stop,True
DFDV,2025-06-23,2581,2025-06-24,2025-06-24,18.5,25.4315,47796.248499999994,65573.06279849999,17776.814298499994,37.19290709290708,0,trailing_stop,True
ASST,2025-06-23,506,2025-06-24,2025-06-24,95.4,95.0,48320.672399999996,48021.93,-298.74239999999554,-0.6182496748534438,0,trailing_stop,True
PRCH,2025-06-23,4597,2025-06-24,2025-06-24,10.55,10.431,48546.84835,47903.35569299999,-643.4926570000098,-1.3255086146081618,0,trailing_stop,True
PRCH,2025-06-24,4640,2025-06-25,2025-06-25,11.0,10.620049999999999,51091.03999999999,49227.754968,-1863.2850319999925,-3.646989828353453,0,trailing_stop,True
QBTS,2025-06-24,3373,2025-06-25,2025-06-25,15.08,14.668,50915.70484,49425.688835999994,-1490.0160040000046,-2.926436958267209,0,trailing_stop,True
DFDV,2025-06-24,2450,2025-06-25,2025-06-25,20.51,19.854999999999997,50299.749500000005,48596.10524999999,-1703.644250000012,-3.386983567383395,0,trailing_stop,True
DFDV,2025-06-25,2612,2025-06-26,2025-06-26,19.26,18.5155,50357.42712,48314.123514,-2043.3036060000013,-4.057601277227452,0,trailing_stop,True
ASST,2025-06-25,544,2025-06-26,2025-06-26,91.2,87.875,49662.4128,47756.196,-1906.2167999999947,-3.8383491508491407,0,trailing_stop,True
ASST,2025-06-26,619,2025-06-27,2025-06-27,80.2,78.85,49693.4438,48759.34185,-934.1019500000039,-1.8797287500529447,0,trailing_stop,True
DFDV,2025-06-26,2783,2025-06-27,2025-06-27,17.75,17.099999999999998,49447.64824999999,47541.710699999996,-1905.937549999995,-3.854455403751167,0,trailing_stop,True
DFDV,2025-06-27,2720,2025-06-30,2025-06-30,18.0,21.735999999999997,49008.95999999999,59062.79807999999,10053.838080000001,20.51428571428573,0,trailing_stop,True
NRG,2025-06-25,320,2025-06-26,2025-07-01,156.41,158.81149999999997,50101.25119999999,50768.86031999999,667.609120000001,1.3325198553125084,5,trailing_stop,False
TPC,2025-06-27,1083,2025-06-30,2025-07-01,46.89,45.296,50832.651869999994,49006.512431999996,-1826.1394379999983,-3.5924536116474615,1,trailing_stop,False
DFDV,2025-06-30,2494,2025-07-01,2025-07-01,20.23,21.185,50504.073619999996,52782.55461,2278.4809900000037,4.511479622700598,0,trailing_stop,True
DFDV,2025-07-01,2534,2025-07-02,2025-07-02,20.1,19.731499999999997,50984.333399999996,49949.62137899999,-1034.7120210000066,-2.029470529470545,0,trailing_stop,True
PRCH,2025-07-01,4232,2025-07-02,2025-07-02,12.07,11.893999999999998,51131.320239999994,50285.072592,-846.2476479999968,-1.6550475208304438,0,trailing_stop,True
TRON,2025-07-01,7394,2025-07-02,2025-07-02,6.95,7.409999999999999,51439.688299999994,54734.750459999996,3295.0621600000013,6.405680650284973,0,trailing_stop,True
DFDV,2025-07-02,2439,2025-07-03,2025-07-03,21.0,23.4555,51270.219,57150.756535500004,5880.537535500007,11.469694591123169,0,trailing_stop,True
TRON,2025-07-02,7202,2025-07-03,2025-07-03,7.3,7.789999999999999,52627.17459999999,56047.47641999999,3420.3018200000006,6.499117321035142,0,trailing_stop,True
PRCH,2025-07-02,4122,2025-07-03,2025-07-07,12.465,12.2455,51432.11072999999,50425.475049,-1006.6356809999925,-1.957212462627611,4,trailing_stop,False
TRON,2025-07-03,6843,2025-07-07,2025-07-07,7.81,8.151,53497.27382999999,55721.515707,2224.2418770000077,4.157673312602905,0,trailing_stop,True
TRON,2025-07-07,6416,2025-07-08,2025-07-08,8.3,7.9799999999999995,53306.0528,51148.48032,-2157.5724799999953,-4.047518746313916,0,trailing_stop,True
PRCH,2025-07-07,4084,2025-07-08,2025-07-08,12.82,12.54,52409.23688,51162.14663999999,-1247.090240000005,-2.379523752378676,0,trailing_stop,True
TRON,2025-07-08,6912,2025-07-09,2025-07-09,7.61,7.291535,52652.92032,50348.69083008,-2304.2294899199987,-4.376261517720126,0,trailing_stop,True
PRCH,2025-07-08,4074,2025-07-09,2025-07-09,12.61,12.3405,51424.513139999995,50224.921803,-1199.591336999998,-2.3327227887100954,0,trailing_stop,True
TRON,2025-07-09,7581,2025-07-10,2025-07-10,6.87,6.84,52133.55147,51802.18596,-331.365509999996,-0.6356089325521563,0,trailing_stop,True
PRCH,2025-07-09,4014,2025-07-10,2025-07-10,12.95,12.910499999999999,52033.28129999999,51770.924253,-262.3570469999904,-0.5042100756386336,0,trailing_stop,True
PRCH,2025-07-10,3970,2025-07-11,2025-07-11,13.14,12.6445,52217.9658,50148.466335,-2069.499465000001,-3.9631943399066727,0,trailing_stop,True
TRON,2025-07-10,7659,2025-07-11,2025-07-11,6.72,6.5455,51519.94847999999,50081.852515499995,-1438.0959644999966,-2.7913381261595482,0,trailing_stop,True
TRON,2025-07-11,8065,2025-07-14,2025-07-14,6.4,7.020499999999999,51667.615999999995,56563.712167499994,4896.0961675,9.476141046453556,0,trailing_stop,True
PRCH,2025-07-11,4347,2025-07-14,2025-07-15,12.18,12.008,52999.40645999999,52146.577224,-852.8292359999905,-1.6091297864696652,1,trailing_stop,False
SBET,2025-07-14,2070,2025-07-15,2025-07-15,25.3,27.787499999999998,52423.37099999999,57462.60487499999,5039.233874999998,9.61257122324315,0,trailing_stop,True
SBET,2025-07-15,1588,2025-07-16,2025-07-16,33.8,37.126,53728.07439999999,58897.131912,5169.057512000007,9.620775674030124,0,trailing_stop,True
TRON,2025-07-15,7028,2025-07-16,2025-07-16,7.8,10.4405,54873.2184,73302.458166,18429.239766,33.58512641204949,0,trailing_stop,True
SBET,2025-07-16,1499,2025-07-17,2025-07-17,39.065,37.126,58616.99343499999,55596.22212599999,-3020.771308999996,-5.153405406829181,0,trailing_stop,True
AER,2025-05-08,244,2025-05-09,2025-07-18,108.92,111.701,26603.056479999996,27227.788955999997,624.732476000001,2.3483484932254717,70,trailing_stop,False
TPC,2025-07-03,1132,2025-07-07,2025-07-18,47.93,51.7644,54311.01676,58538.703499200004,4227.686739200006,7.784215784215798,11,take_profit,False
SBET,2025-07-17,1573,2025-07-18,2025-07-18,36.95,38.432249999999996,58180.47235,60393.475320749996,2213.00297075,3.8036868408992897,0,trailing_stop,True
PRCH,2025-07-16,4565,2025-07-17,2025-07-21,12.79,13.262,58444.73634999999,60480.48897,2035.7526200000066,3.4832095191751344,4,trailing_stop,False
SBET,2025-07-18,1842,2025-07-21,2025-07-21,32.0,32.575405,59002.943999999996,59943.892113990005,940.948113990009,1.5947477366383689,0,trailing_stop,True
TRON,2025-07-18,5589,2025-07-21,2025-07-21,10.1,10.554499999999999,56505.3489,58930.11139949999,2424.7624994999933,4.291208791208789,0,trailing_stop,True
GRPN,2025-07-18,1687,2025-07-21,2025-07-21,32.6,32.699,55051.1962,55108.049786999996,56.85358699999779,0.103274026586897,0,trailing_stop,True
PRCH,2025-07-21,4435,2025-07-22,2025-07-22,13.4,12.862999999999998,59488.429,56990.357594999994,-2498.0714050000024,-4.199255967912685,0,trailing_stop,True
ASST,2025-07-21,671,2025-07-22,2025-07-22,88.4,86.07,59375.7164,57695.21702999999,-1680.499370000005,-2.830280579149369,0,trailing_stop,True
SBET,2025-07-21,2241,2025-07-22,2025-07-22,26.36,28.3005,59131.83276,63357.9990795,4226.1663195,7.1470240684959885,0,trailing_stop,True
NVTS,2025-07-21,6774,2025-07-22,2025-07-22,8.79,8.398,59603.003459999985,56831.163947999994,-2771.8395119999914,-4.650503080537193,0,trailing_stop,True
PRCH,2025-07-22,4355,2025-07-23,2025-07-23,13.52,13.623,58938.47959999999,59268.836834999995,330.35723500000313,0.5605119732338792,0,trailing_stop,True
ASST,2025-07-22,674,2025-07-23,2025-07-23,88.2,97.46999999999998,59506.24679999999,65629.08521999998,6122.8384199999855,10.289404473077912,0,trailing_stop,True
SBET,2025-07-22,2308,2025-07-23,2025-07-23,26.435,25.441,61072.99197999999,58659.11017199999,-2413.8818079999983,-3.9524538257278974,0,trailing_stop,True
NVTS,2025-07-22,7161,2025-07-23,2025-07-23,8.48,8.386125,60786.00528,59992.988083874996,-793.0171961250016,-1.304604888036498,0,trailing_stop,True
ASST,2025-07-23,616,2025-07-24,2025-07-24,96.6,91.865,59565.105599999995,56532.25116,-3032.8544399999955,-5.091662995389701,0,trailing_stop,True
SBET,2025-07-23,2265,2025-07-24,2025-07-24,25.76,27.075,58404.746399999996,61263.550125,2858.803725000005,4.894814036894801,0,trailing_stop,True
NVTS,2025-07-23,6458,2025-07-24,2025-07-24,8.865,8.815999999999999,57307.42016999999,56876.79427199999,-430.6258979999984,-0.7514313098069381,0,trailing_stop,True
TRON,2025-07-23,5814,2025-07-24,2025-07-24,9.87,9.452499999999999,57441.56417999999,54901.878164999995,-2539.686014999992,-4.42133853987956,0,trailing_stop,True
ASST,2025-07-24,675,2025-07-25,2025-07-25,87.2,83.40050000000001,58918.85999999999,56239.04216250001,-2679.8178374999843,-4.548319226644892,0,trailing_stop,True
SBET,2025-07-24,2351,2025-07-25,2025-07-25,24.77,23.740499999999997,58292.50426999999,55758.10158449999,-2534.4026854999975,-4.347733413135102,0,trailing_stop,True
NVTS,2025-07-24,6415,2025-07-25,2025-07-25,8.875,8.739999999999998,56990.058124999996,56011.03289999999,-979.0252250000049,-1.7178877460567676,0,trailing_stop,True
TRON,2025-07-24,6285,2025-07-25,2025-07-25,9.04,9.594999999999999,56873.21639999999,60244.27042499999,3371.0540249999976,5.927313836605874,0,trailing_stop,True
ASST,2025-07-25,709,2025-07-28,2025-07-28,82.2,79.268,58338.0798,56144.810988000005,-2193.268811999995,-3.759583482211215,0,trailing_stop,True
NVTS,2025-07-25,6451,2025-07-28,2025-07-28,8.88,9.006,57342.16488,58039.608294,697.4434140000012,1.2162837162837281,0,trailing_stop,True
PRCH,2025-07-25,4175,2025-07-28,2025-07-28,13.62,13.118929999999999,56920.36349999999,54716.76121725,-2203.602282749991,-3.8713777412015093,0,trailing_stop,True
SBET,2025-07-25,2443,2025-07-28,2025-07-28,23.1,21.945,56489.7333,53558.023365,-2931.709934999999,-5.189810189810185,0,trailing_stop,True
ASST,2025-07-28,750,2025-07-29,2025-07-29,76.0,72.2,57056.99999999999,54095.85,-2961.149999999994,-5.189810189810185,0,trailing_stop,True
NVTS,2025-07-28,6651,2025-07-29,2025-07-29,8.45,8.0845,56257.15094999999,53716.2394905,-2540.911459499992,-4.516601741453796,0,trailing_stop,True
TRON,2025-07-28,5335,2025-07-29,2025-07-29,10.3,10.1365,55005.4505,54024.1492725,-981.3012275000001,-1.784007254881037,0,trailing_stop,True
ASST,2025-07-29,795,2025-07-30,2025-07-30,69.6,67.64,55387.33199999999,53720.0262,-1667.3057999999874,-3.0102655964724723,0,trailing_stop,True
SBET,2025-07-29,2942,2025-07-30,2025-07-30,18.7,19.617499999999996,55070.4154,57656.97031499999,2586.5549149999933,4.69681388130585,0,trailing_stop,True
TRON,2025-07-29,5869,2025-07-30,2025-07-30,9.46,9.086749999999999,55576.26074,53276.80561424999,-2299.455125750006,-4.137477216229868,0,trailing_stop,True
PRCH,2025-07-28,4081,2025-07-29,2025-07-31,13.2,12.6445,53923.06919999999,51550.6022955,-2372.46690449999,-4.399725274725252,2,trailing_stop,False
TRON,2025-07-30,6245,2025-07-31,2025-07-31,8.8,8.919929999999999,55010.956,55649.25788714999,638.3018871499953,1.1603177504313722,0,trailing_stop,True
SBET,2025-07-30,2797,2025-07-31,2025-07-31,19.5,19.285,54596.04149999999,53886.204854999996,-709.8366449999958,-1.3001613770844411,0,trailing_stop,True
ASST,2025-07-30,784,2025-07-31,2025-07-31,69.0,65.55,54150.09599999999,51339.8088,-2810.2871999999916,-5.189810189810173,0,trailing_stop,True
SBET,2025-07-31,3013,2025-08-01,2025-08-01,18.045,17.8695,54423.954585,53786.96269649999,-636.9918885000079,-1.1704255843906886,0,trailing_stop,True
ASST,2025-07-31,828,2025-08-01,2025-08-01,65.0,62.0255,53873.81999999999,51305.756886,-2568.0631139999896,-4.766810881426242,0,trailing_stop,True
TRON,2025-07-31,6549,2025-08-01,2025-08-01,8.1,7.970309999999999,53099.94689999999,52145.36262980999,-954.5842701899965,-1.797712287712283,0,trailing_stop,True
DFDV,2025-07-31,3821,2025-08-01,2025-08-01,13.7,13.452,52400.04769999999,51348.69190799999,-1051.3557919999948,-2.0064023567673117,0,trailing_stop,True
SBET,2025-08-01,2974,2025-08-04,2025-08-04,17.94,19.132715,53406.91356,56843.79371559001,3436.8801555900063,6.435272002245251,0,trailing_stop,True
TRON,2025-08-01,6904,2025-08-04,2025-08-04,7.83,7.59354,54112.378319999996,52373.374359839996,-1739.0039601600001,-3.2136897585173463,0,trailing_stop,True
ASST,2025-08-01,837,2025-08-04,2025-08-04,63.8,66.69,53454.00059999999,55763.71047,2309.709870000006,4.320929853845223,0,trailing_stop,True
PRCH,2025-08-01,4223,2025-08-04,2025-08-04,12.66,12.625499999999999,53516.64317999999,53264.169013499995,-252.4741664999965,-0.4717675689239642,0,trailing_stop,True
NVTS,2025-08-04,8617,2025-08-05,2025-08-05,6.28,6.9159999999999995,54168.87476,59535.576828,5366.702067999999,9.90735379270411,0,trailing_stop,True
TRON,2025-08-04,7486,2025-08-05,2025-08-05,7.34,7.201,55002.18723999999,53852.77931399999,-1149.4079259999999,-2.0897494875696476,0,trailing_stop,True
SBET,2025-08-04,2855,2025-08-05,2025-08-05,19.035,19.285,54399.269925,55003.616325,604.3464000000022,1.110945791796869,0,trailing_stop,True
MP,2025-08-04,838,2025-08-05,2025-08-06,65.64,67.4025,55061.32631999999,56426.81170500001,1365.4853850000145,2.4799355123852562,1,trailing_stop,False
SBET,2025-08-05,2838,2025-08-06,2025-08-06,19.51,21.318,55424.74938,60439.98351600001,5015.234136000006,9.048726772970772,0,trailing_stop,True
TRON,2025-08-05,8241,2025-08-06,2025-08-06,6.9,6.6363199999999996,56919.762899999994,54635.22320688,-2284.539693119994,-4.013614211875072,0,trailing_stop,True
DFDV,2025-08-05,4052,2025-08-06,2025-08-06,14.01,13.642,56825.28851999999,55222.106616,-1603.18190399999,-2.821247275208716,0,trailing_stop,True
TRON,2025-08-06,7950,2025-08-07,2025-08-07,7.01,6.802,55785.229499999994,54021.82409999999,-1763.4054000000033,-3.1610614777519253,0,trailing_stop,True
SBET,2025-08-06,2573,2025-08-07,2025-08-07,21.72,22.895,55941.44555999999,58849.926165,2908.4806050000043,5.199151677052227,0,trailing_stop,True
MP,2025-08-06,798,2025-08-07,2025-08-07,71.0,68.73249999999999,56714.657999999996,54793.68646499999,-1920.9715350000042,-3.3870812286305285,0,trailing_stop,True
ABVX,2025-08-06,804,2025-08-07,2025-08-08,69.07,69.330905,55587.812279999984,55686.30557238,98.49329238001519,0.17718504891666154,1,trailing_stop,False
TRON,2025-08-07,7863,2025-08-08,2025-08-08,7.07,7.0015,55647.00141,54997.741705500004,-649.259704499993,-1.166746972970445,0,trailing_stop,True
SBET,2025-08-07,2355,2025-08-08,2025-08-08,23.535,24.149,55480.349924999995,56814.024105000004,1333.674180000009,2.403867642873392,0,trailing_stop,True
MP,2025-08-07,722,2025-08-08,2025-08-08,76.94,75.392,55606.23067999999,54378.590976,-1227.6397039999938,-2.2077376743350086,0,trailing_stop,True
TRON,2025-08-08,7887,2025-08-11,2025-08-11,7.0,7.125,55264.208999999995,56138.680125,874.4711250000037,1.5823462252033682,0,trailing_stop,True
SBET,2025-08-08,2279,2025-08-11,2025-08-11,24.115,26.847,55013.04308499999,61123.128687000004,6110.085602000014,11.106612649221015,0,trailing_stop,True
MP,2025-08-08,722,2025-08-11,2025-08-11,74.93,78.375,54153.559460000004,56530.16325,2376.6037899999938,4.388638186849847,0,trailing_stop,True
TRON,2025-08-11,8402,2025-08-12,2025-08-12,6.85,7.020499999999999,57611.253699999994,58927.254758999996,1316.001059000002,2.2842777660295965,0,trailing_stop,True
SBET,2025-08-11,2418,2025-08-12,2025-08-12,24.0,22.83116,58090.03199999999,55150.53913512,-2939.4928648799905,-5.06023626373625,0,trailing_stop,True
CELC,2025-08-11,1220,2025-08-12,2025-08-12,46.94,47.8135,57324.066799999986,58274.13752999999,950.0707300000067,1.6573679835290456,0,trailing_stop,True
ABVX,2025-08-08,792,2025-08-11,2025-08-13,69.83,70.205,55360.66535999999,55546.75764,186.09228000001167,0.33614530965242473,2,trailing_stop,False
TRON,2025-08-12,7822,2025-08-13,2025-08-13,7.3,7.685499999999999,57157.70059999999,60055.86501899999,2898.1644190000006,5.0704706252651555,0,trailing_stop,True
SBET,2025-08-12,2444,2025-08-13,2025-08-13,23.27,23.322499999999998,56928.75187999999,56943.189809999996,14.437930000007327,0.02536140267126452,0,trailing_stop,True
CELC,2025-08-12,1132,2025-08-13,2025-08-13,50.33,50.73,57030.53355999999,57368.933639999996,338.4000800000067,0.593366498393344,0,trailing_stop,True
SBET,2025-08-13,2642,2025-08-14,2025-08-14,21.89,22.591,57891.21338,59625.736578000004,1734.5231980000026,2.996176961457908,0,trailing_stop,True
TRON,2025-08-13,8466,2025-08-14,2025-08-15,6.93,6.6499999999999995,58728.04937999999,56242.60109999999,-2485.448279999997,-4.2321315048587715,1,trailing_stop,False
CELC,2025-08-13,1154,2025-08-14,2025-08-15,50.89,51.16224999999999,58785.78705999999,58982.19526349999,196.40820350000286,0.3341083165213643,1,trailing_stop,False
SBET,2025-08-14,2591,2025-08-15,2025-08-15,22.5,21.584,58355.79749999999,55868.219856,-2487.57764399999,-4.262777222777203,0,trailing_stop,True
CELC,2025-08-15,1087,2025-08-18,2025-08-18,52.69,50.398354999999995,57331.30402999999,54728.22887311499,-2603.075156885003,-4.540408073611724,0,trailing_stop,True
TRON,2025-08-15,8267,2025-08-18,2025-08-18,6.9,6.758585,57099.3423,55817.348972805004,-1281.9933271949922,-2.2451980628067414,0,trailing_stop,True
SBET,2025-08-15,2918,2025-08-18,2025-08-18,19.47,20.1495,56870.27345999999,58737.444759,1867.1712990000087,3.2832113956921427,0,trailing_stop,True
TRON,2025-08-18,8361,2025-08-19,2025-08-19,6.72,6.497999999999999,56242.105919999995,54275.44822199999,-1966.6576980000027,-3.4967710860568046,0,trailing_stop,True
SBET,2025-08-18,2779,2025-08-19,2025-08-19,19.59,19.01425,54495.05060999999,52787.76014925,-1707.2904607499877,-3.132927562483434,0,trailing_stop,True
ABVX,2025-08-13,835,2025-08-14,2025-08-20,69.15,68.40950000000001,57797.99025,57064.81056750001,-733.179682499991,-1.2685210667856883,6,trailing_stop,False
CELC,2025-08-18,1099,2025-08-19,2025-08-20,51.57,49.13875,56732.105429999996,53949.48276375,-2782.6226662499976,-4.904846462438083,1,trailing_stop,False
SBET,2025-08-19,3023,2025-08-20,2025-08-20,18.6,18.677,56284.027799999996,56404.11042899999,120.08262899999681,0.2133511649640596,0,trailing_stop,True
CELC,2025-08-20,1161,2025-08-21,2025-08-21,48.25,49.058,56074.268249999994,56899.381662,825.1134120000061,1.4714653222425378,0,trailing_stop,True
ABVX,2025-08-20,771,2025-08-21,2025-08-22,72.2,77.97600000000001,55721.8662,60059.376504000014,4337.510304000018,7.78421578421582,1,take_profit,False
CELC,2025-08-21,1111,2025-08-22,2025-08-25,51.0,50.606500000000004,56717.66099999999,56167.5976785,-550.0633214999907,-0.9698272315919243,3,trailing_stop,False
INDV,2025-08-19,2396,2025-08-20,2025-08-26,23.3,23.42225,55882.6268,56063.591288999996,180.96448899999814,0.32382960387251636,6,trailing_stop,False
ABVX,2025-08-22,732,2025-08-25,2025-08-26,77.08,76.0,56478.98255999999,55576.368,-902.6145599999873,-1.5981423869332323,1,trailing_stop,False
CELC,2025-08-25,1165,2025-08-26,2025-08-28,49.5,53.46,57725.167499999996,62218.6191,4493.451600000008,7.784215784215798,2,take_profit,False
VISN,2025-08-20,3599,2025-08-21,2025-08-29,15.7,15.779499999999999,56560.80429999999,56733.63007949999,172.82577950000268,0.30555749982501546,8,trailing_stop,False
FLY,2025-08-26,1214,2025-08-27,2025-08-29,46.4,46.5025,56385.929599999996,56397.580964999994,11.651364999997895,0.020663603637727235,2,trailing_stop,False
CELC,2025-08-28,1045,2025-08-29,2025-08-29,54.55,52.25,57061.75474999999,54546.64875,-2515.1059999999925,-4.407691300450223,0,trailing_stop,True
CELC,2025-08-29,1119,2025-09-02,2025-09-02,50.69,51.357,56778.832109999996,57411.014517,632.1824070000075,1.1134121353099546,0,trailing_stop,True
FLY,2025-08-29,1275,2025-09-02,2025-09-02,45.0,43.7855,57432.37499999999,55770.685987499994,-1661.689012499999,-2.8932967032966994,0,trailing_stop,True
FLY,2025-09-02,1290,2025-09-03,2025-09-03,44.23,43.129999999999995,57113.75669999999,55582.0623,-1531.694399999993,-2.6818309431919984,0,trailing_stop,True
FLY,2025-09-03,1286,2025-09-04,2025-09-04,44.4,42.7405,57155.4984,54909.318716999995,-2246.179683000002,-3.929945054945061,0,trailing_stop,True
ABVX,2025-08-26,702,2025-08-27,2025-09-05,80.405,88.2645,56500.75430999999,61899.717321,5398.963011000007,9.555559172498441,9,trailing_stop,False
CELC,2025-09-02,1066,2025-09-03,2025-09-05,53.36,54.605999999999995,56938.64176,58151.786003999994,1213.1442439999955,2.130616759552284,2,trailing_stop,False
CELC,2025-09-05,1027,2025-09-08,2025-09-08,55.78,59.76925,57343.34605999999,61321.63673025,3978.2906702500113,6.937667477735632,0,trailing_stop,True
FLY,2025-09-04,1336,2025-09-05,2025-09-09,42.96,42.512499999999996,57451.95455999999,56739.9033,-712.0512599999929,-1.239385614385602,4,trailing_stop,False
ABVX,2025-09-05,640,2025-09-08,2025-09-10,89.42,86.735,57286.0288,55454.8896,-1831.1391999999978,-3.196484794561283,2,trailing_stop,False
CELC,2025-09-08,932,2025-09-09,2025-09-10,62.53,59.907,58336.23795999999,55777.490675999994,-2558.7472839999973,-4.386205510465857,1,trailing_stop,False
NKTR,2025-09-09,1156,2025-09-10,2025-09-10,48.5,46.55949999999999,56122.06599999999,53768.95921799999,-2353.1067820000026,-4.192837059847376,0,trailing_stop,True
ABVX,2025-09-10,653,2025-09-11,2025-09-11,86.88,82.53599999999999,56789.372639999994,53842.11199199999,-2947.260648000003,-5.189810189810196,0,trailing_stop,True
CELC,2025-09-10,960,2025-09-11,2025-09-11,58.94,56.378605,56638.982399999986,54069.3373392,-2569.645060799987,-4.536884230462423,0,trailing_stop,True
NKTR,2025-09-10,1168,2025-09-11,2025-09-11,48.18,48.002644999999994,56330.51423999999,56011.02227063999,-319.49196936000226,-0.5671738908663015,0,trailing_stop,True
NKTR,2025-09-11,1149,2025-09-12,2025-09-12,47.89,46.398,55080.63561,53257.990698,-1822.644911999996,-3.309048437467721,0,trailing_stop,True
ABVX,2025-09-11,667,2025-09-12,2025-09-15,83.0,82.384,55416.361,54895.177872,-521.1831279999969,-0.9404860200040832,3,trailing_stop,False
CELC,2025-09-11,968,2025-09-12,2025-09-15,57.33,54.7865,55550.93543999999,52980.298667999996,-2570.6367719999907,-4.627531024705267,3,trailing_stop,False
ZEPP,2025-09-15,1118,2025-09-16,2025-09-16,48.48,46.0655,54254.840639999995,51449.727771,-2805.112868999997,-5.170253632506105,0,trailing_stop,True
NKTR,2025-09-12,1124,2025-09-15,2025-09-17,49.0,50.1125,55131.075999999994,56270.12355,1139.047550000003,2.0660716834186355,2,trailing_stop,False
ABVX,2025-09-15,639,2025-09-16,2025-09-17,85.46,81.18699999999998,54663.548939999986,51826.61450699999,-2836.934432999995,-5.189810189810185,1,trailing_stop,False
ZEPP,2025-09-16,1145,2025-09-17,2025-09-17,47.08,46.074999999999996,53960.50659999999,52703.11912499999,-1257.3874750000032,-2.3301995370814454,0,trailing_stop,True
ABVX,2025-09-17,662,2025-09-18,2025-09-18,80.8,80.18,53543.08959999999,53026.08084,-517.0087599999897,-0.9655938121284513,0,trailing_stop,True
ZEPP,2025-09-17,1147,2025-09-18,2025-09-18,46.94,47.07972,53894.02017999999,53946.438401160005,52.41822116001276,0.09726166462427077,0,trailing_stop,True
CELC,2025-09-17,984,2025-09-18,2025-09-19,54.6,53.171499999999995,53780.126399999994,52268.43524399999,-1511.6911560000008,-2.8108731927413255,1,trailing_stop,False
ZEPP,2025-09-18,1135,2025-09-19,2025-09-22,46.4,48.9725,52716.664,55528.2037125,2811.5397125000018,5.333303549898383,3,trailing_stop,False
ORBS,2025-09-22,4428,2025-09-23,2025-09-23,12.0,13.166905,53189.13599999999,58244.75228466,5055.6162846600055,9.504979145854154,0,trailing_stop,True
CELC,2025-09-19,1005,2025-09-22,2025-09-24,53.69,52.022,54012.40844999999,52229.82789,-1782.5805599999876,-3.3003167441610137,2,trailing_stop,False
ORBS,2025-09-23,4104,2025-09-24,2025-09-24,13.29,13.879499999999998,54596.70215999999,56904.50653199999,2307.8043719999987,4.227003245061933,0,trailing_stop,True
ORBS,2025-09-24,4355,2025-09-25,2025-09-25,12.47,12.197999999999999,54361.15685,53069.167709999994,-1291.9891400000051,-2.376677051897591,0,trailing_stop,True
CELC,2025-09-24,1018,2025-09-25,2025-09-25,53.0,50.59225,54007.95399999999,51451.4075895,-2556.546410499992,-4.733647955817755,0,trailing_stop,True
ORBS,2025-09-25,4604,2025-09-26,2025-09-26,11.7,11.494715,53920.66679999999,52868.746192139995,-1051.9206078599964,-1.9508672097133584,0,trailing_stop,True
CELC,2025-09-25,1025,2025-09-26,2025-09-26,52.35,49.88925,53712.408749999995,51085.344768749994,-2627.0639812500012,-4.890981511325354,0,trailing_stop,True
ORBS,2025-09-26,4475,2025-09-29,2025-09-29,11.91,11.452155,53350.547249999996,51197.145231375,-2153.402018624998,-4.0363260165527155,0,trailing_stop,True
MEDP,2025-08-29,120,2025-09-02,2025-09-30,474.41,512.3628000000001,56986.129199999996,61422.052464000015,4435.923264000019,7.78421578421582,28,take_profit,False
CELC,2025-09-26,1031,2025-09-29,2025-09-30,51.07,50.12199999999999,52705.823169999996,51624.10621799999,-1081.7169520000025,-2.0523670572623054,1,trailing_stop,False
ORBS,2025-09-29,4821,2025-09-30,2025-09-30,11.0,10.45,53084.030999999995,50329.07055,-2754.9604499999987,-5.189810189810185,0,trailing_stop,True
ORBS,2025-09-30,5618,2025-10-01,2025-10-01,9.3,8.9205,52299.647399999994,50065.25363100001,-2234.3937689999875,-4.272292223905105,0,trailing_stop,True
SOGP,2025-09-30,2985,2025-10-01,2025-10-01,17.05,18.8955,50945.14425,56346.664432499994,5401.520182499997,10.602620253646645,0,trailing_stop,True
PL,2025-09-30,4093,2025-10-01,2025-10-01,12.84,13.318999999999999,52606.674119999996,54460.15233299999,1853.4782129999949,3.5232757896309197,0,trailing_stop,True
ORBS,2025-10-01,6447,2025-10-02,2025-10-02,8.27,9.024905,53370.00668999999,58125.378972465005,4755.372282465018,8.910196152094606,0,trailing_stop,True
SOGP,2025-10-01,2695,2025-10-02,2025-10-02,19.86,18.866999999999997,53576.22269999999,50795.718434999995,-2780.504264999996,-5.189810189810185,0,trailing_stop,True
PL,2025-10-01,3707,2025-10-02,2025-10-02,14.36,14.35203,53285.752519999995,53149.77223479,-135.9802852099965,-0.2551907006642318,0,trailing_stop,True
ORBS,2025-10-02,6334,2025-10-03,2025-10-03,8.5,8.2935,53892.83899999999,52478.497971000004,-1414.3410289999883,-2.6243579949462137,0,trailing_stop,True
VIA,2025-10-02,1114,2025-10-03,2025-10-03,47.73,45.580999999999996,53224.39121999999,50726.456765999996,-2497.9344539999947,-4.6932137629811965,0,trailing_stop,True
ABVX,2025-09-18,632,2025-09-19,2025-10-06,83.52,90.2016,52837.42463999999,56950.4037888,4112.979148800012,7.784215784215798,17,take_profit,False
SATS,2025-10-02,674,2025-10-03,2025-10-06,79.35,75.8005,53535.381899999986,51038.447463,-2496.934436999989,-4.664082609262177,3,trailing_stop,False
ORBS,2025-10-03,6084,2025-10-06,2025-10-06,8.72,10.706499999999998,53105.532479999994,65073.20765399999,11967.675173999996,22.535646692756785,0,trailing_stop,True
ABTC,2025-10-03,7763,2025-10-06,2025-10-07,7.2,7.020499999999999,55949.493599999994,54445.6413585,-1503.852241499997,-2.68787462537462,1,trailing_stop,False
ORBS,2025-10-06,4523,2025-10-07,2025-10-07,12.18,12.302499999999998,55145.23013999999,55588.56329249999,443.3331524999958,0.803937441868463,0,trailing_stop,True
SPRB,2025-10-06,256,2025-10-07,2025-10-07,211.95,228.0,54313.45919999999,58309.632,3996.1728000000076,7.3576105423239335,0,trailing_stop,True
PL,2025-10-06,3519,2025-10-07,2025-10-07,15.0,15.2095,52837.784999999996,53468.7082695,630.9232695000028,1.1940759240759213,0,trailing_stop,True
ORBS,2025-10-07,4703,2025-10-08,2025-10-08,12.0,11.988999999999999,56492.435999999994,56327.88273299999,-164.55326700000296,-0.29128371628371896,0,trailing_stop,True
SPRB,2025-10-07,391,2025-10-08,2025-10-08,140.0,166.25,54794.73999999999,64938.74625,10144.006250000006,18.51273726273728,0,trailing_stop,True
PL,2025-10-07,3399,2025-10-08,2025-10-08,16.55,15.941,56309.70345,54129.275541,-2180.427908999998,-3.8722063435054355,0,trailing_stop,True
ORBS,2025-10-08,5371,2025-10-09,2025-10-09,10.78,10.288499999999999,57957.27937999999,55204.2739665,-2753.0054134999955,-4.750059773250859,0,trailing_stop,True
SPRB,2025-10-08,349,2025-10-09,2025-10-09,158.5,171.0,55371.81649999999,59619.321,4247.50450000001,7.6708780178812,0,trailing_stop,True
SATS,2025-10-07,732,2025-10-08,2025-10-10,76.93,74.176,56369.072759999995,54242.535168,-2126.5375919999933,-3.7725254077782266,2,trailing_stop,False
PL,2025-10-08,3626,2025-10-09,2025-10-10,15.59,15.2475,56585.86933999999,55232.14756500001,-1353.7217749999836,-2.3923318503177082,1,trailing_stop,False
ORBS,2025-10-09,5194,2025-10-10,2025-10-10,11.005,10.459499999999998,57217.129969999995,54272.31635699999,-2944.8136130000057,-5.146734228969585,0,trailing_stop,True
SPRB,2025-10-09,314,2025-10-10,2025-10-10,177.95,189.239905,55932.17629999999,59361.90883983,3429.732539830009,6.131949025967032,0,trailing_stop,True
ORBS,2025-10-10,5796,2025-10-13,2025-10-13,9.95,9.727905,57727.87019999999,56326.55444261999,-1401.315757379998,-2.427450991219837,0,trailing_stop,True
SPRB,2025-10-10,321,2025-10-13,2025-10-13,179.99,173.8215,57834.56679,55740.90479849999,-2093.6619915000047,-3.6200876183653086,0,trailing_stop,True
NKTR,2025-10-10,1023,2025-10-13,2025-10-13,55.3,54.976499999999994,56628.47189999999,56184.7185405,-443.75335949999135,-0.7836223451051505,0,trailing_stop,True
WOLF,2025-10-13,1782,2025-10-14,2025-10-14,32.0,32.492374999999996,57081.02399999999,57843.51083774999,762.4868377500025,1.3357974057192745,0,trailing_stop,True
ORBS,2025-10-13,5883,2025-10-14,2025-10-14,9.73,9.69,57298.831589999994,56949.26373,-349.56785999999556,-0.6100785134700804,0,trailing_stop,True
SPRB,2025-10-13,366,2025-10-14,2025-10-14,156.69,178.8375,57405.88853999999,65389.070475,7983.181935000008,13.906555822121614,0,trailing_stop,True
WOLF,2025-10-14,1762,2025-10-15,2025-10-15,33.31,31.767999999999997,58750.91221999999,55919.240783999994,-2831.671435999997,-4.8197914364230705,0,trailing_stop,True
ORBS,2025-10-14,5837,2025-10-15,2025-10-15,10.0,9.5,58428.369999999995,55396.0485,-3032.321499999998,-5.189810189810185,0,trailing_stop,True
SPRB,2025-10-14,336,2025-10-15,2025-10-15,171.59,170.9525,57711.894239999994,57382.59995999999,-329.2942800000019,-0.5705830389669764,0,trailing_stop,True
SATS,2025-10-10,781,2025-10-13,2025-10-16,74.0,72.922,57851.793999999994,56895.12991799999,-956.664082000003,-1.6536463536463542,3,trailing_stop,False
WOLF,2025-10-15,1745,2025-10-16,2025-10-16,32.69,32.679905,57101.09404999999,56969.407790774996,-131.68625922499632,-0.2306195028587088,0,trailing_stop,True
ORBS,2025-10-15,6047,2025-10-16,2025-10-16,9.42,9.0725,57019.70273999999,54806.5460925,-2213.1566474999927,-3.8813893113256004,0,trailing_stop,True
SPRB,2025-10-15,346,2025-10-16,2025-10-16,161.1,154.85,55796.340599999996,53524.5219,-2271.818699999996,-4.071626697325015,0,trailing_stop,True
WOLF,2025-10-16,1740,2025-10-17,2025-10-17,32.305,33.154999999999994,56266.91069999999,57632.01029999999,1365.099599999994,2.426114359251641,0,trailing_stop,True
ORBS,2025-10-16,6426,2025-10-17,2025-10-17,8.68,8.6925,55833.45767999999,55802.146995,-31.310684999989462,-0.056078713912799394,0,trailing_stop,True
SPRB,2025-10-16,357,2025-10-17,2025-10-20,155.77,151.44216,55665.49989,54010.78626888,-1654.7136211199977,-2.9726017450482978,3,trailing_stop,False
WOLF,2025-10-17,1779,2025-10-20,2025-10-20,31.6,30.362,56272.61639999999,53959.984002,-2312.6323979999943,-4.10969410336498,0,trailing_stop,True
ORBS,2025-10-17,6323,2025-10-20,2025-10-20,8.8,8.549999999999999,55698.0424,54007.58834999999,-1690.4540500000076,-3.0350331486695303,0,trailing_stop,True
SPRB,2025-10-20,375,2025-10-21,2025-10-21,148.0,141.43125,55555.49999999999,52983.68203125,-2571.817968749994,-4.629276973026963,0,trailing_stop,True
WOLF,2025-10-20,1791,2025-10-21,2025-10-21,30.25,29.677999999999997,54231.927749999995,53100.144702,-1131.7830479999975,-2.086931250567614,0,trailing_stop,True
ORBS,2025-10-20,6186,2025-10-21,2025-10-21,8.75,8.3125,54181.627499999995,51369.703875,-2811.923624999996,-5.189810189810185,0,trailing_stop,True
SPRB,2025-10-21,420,2025-10-22,2025-10-22,128.54,136.79999999999998,54040.78679999999,57398.543999999994,3357.7572000000073,6.213375857066561,0,trailing_stop,True
WOLF,2025-10-21,1805,2025-10-22,2025-10-22,30.5,29.23625,55107.55249999999,52718.65981874999,-2388.8926812499994,-4.334964216111759,0,trailing_stop,True
ORBS,2025-10-21,7745,2025-10-22,2025-10-22,7.06,6.771125,54734.37969999999,52389.92076187499,-2344.458938124997,-4.28333882831049,0,trailing_stop,True
SPRB,2025-10-22,393,2025-10-23,2025-10-23,136.91,133.42749999999998,53859.43562999999,52384.570492499995,-1474.8651374999972,-2.7383598068719595,0,trailing_stop,True
ORBS,2025-10-22,8370,2025-10-23,2025-10-23,6.37,6.364905,53370.21689999999,53220.98059515,-149.23630484999012,-0.27962469241902266,0,trailing_stop,True
SPRB,2025-10-23,409,2025-10-24,2025-10-24,131.03,130.511,53644.86127,53325.620000999996,-319.24126900000556,-0.5951013040992548,0,trailing_stop,True
ORBS,2025-10-23,8252,2025-10-24,2025-10-24,6.53,6.507404999999999,53939.44556,53645.40695394,-294.03860605999944,-0.5451272311149835,0,trailing_stop,True
WOLF,2025-10-22,1798,2025-10-23,2025-10-27,29.66,30.380905,53382.00867999999,54570.242322809994,1188.2336428100025,2.2259065782498144,4,trailing_stop,False
SPRB,2025-10-24,400,2025-10-27,2025-10-27,135.0,131.52749999999997,54053.99999999999,52558.388999999996,-1495.6109999999971,-2.766883116883112,0,trailing_stop,True
ORBS,2025-10-24,8137,2025-10-27,2025-10-27,6.53,6.821,53187.744609999994,55446.974523,2259.229913000003,4.247651276747755,0,trailing_stop,True
SPRB,2025-10-27,411,2025-10-28,2025-10-28,131.54,124.96299999999998,54117.00293999999,51308.43320699999,-2808.569733000004,-5.189810189810196,0,trailing_stop,True
WOLF,2025-10-27,1753,2025-10-28,2025-10-28,30.53,30.371405,53572.60909,53187.831892035,-384.7771979649988,-0.7182349422604872,0,trailing_stop,True
ORBS,2025-10-27,8509,2025-10-28,2025-10-28,6.3,6.00343,53660.306699999994,51032.102684130004,-2628.2040158699892,-4.897855002140695,0,trailing_stop,True
WOLF,2025-10-28,1701,2025-10-29,2025-10-29,31.0,30.390499999999996,52783.73099999999,51642.54625949999,-1141.1847405000008,-2.16200090232348,0,trailing_stop,True
SPRB,2025-10-28,437,2025-10-29,2025-10-29,121.41,115.33949999999999,53109.226169999994,50352.95813849999,-2756.2680315000034,-5.189810189810196,0,trailing_stop,True
ORBS,2025-10-28,9179,2025-10-29,2025-10-29,5.75,5.471715,52832.02924999999,50174.647113014995,-2657.3821369849975,-5.02986952178256,0,trailing_stop,True
WOLF,2025-10-29,1980,2025-10-30,2025-10-30,25.94,26.505,51412.5612,52427.4201,1014.8589000000065,1.973951260767004,0,trailing_stop,True
SPRB,2025-10-29,443,2025-10-30,2025-10-30,116.0,113.562715,51439.38799999999,50257.974462255,-1181.413537744993,-2.296709940921138,0,trailing_stop,True
ORBS,2025-10-29,10033,2025-10-30,2025-10-30,5.05,5.006499999999999,50717.31664999999,50179.98428549999,-537.3323645000055,-1.059465287188066,0,trailing_stop,True
SPRB,2025-10-30,480,2025-10-31,2025-10-31,107.26,106.0295,51536.284799999994,50843.26583999999,-693.0189600000012,-1.3447204483005404,0,trailing_stop,True
WOLF,2025-10-30,1990,2025-10-31,2025-10-31,26.0,26.4575,51791.73999999999,52597.774574999996,806.0345750000051,1.5562994697610133,0,trailing_stop,True
PL,2025-10-30,4024,2025-10-31,2025-10-31,12.89,13.043405,51921.22936,52434.175058279994,512.9456982799966,0.9879305721431253,0,trailing_stop,True
SPRB,2025-10-31,474,2025-11-03,2025-11-03,109.0,105.44999999999999,51717.666,49933.316699999996,-1784.3493000000017,-3.4501736795314764,0,trailing_stop,True
WOLF,2025-10-31,1936,2025-11-03,2025-11-03,26.49,25.174999999999997,51335.92463999999,48690.0612,-2645.8634399999937,-5.154019253679487,0,trailing_stop,True
OPEN,2025-10-31,6539,2025-11-03,2025-11-04,7.68,7.372,50269.73951999999,48157.302492,-2112.4370279999857,-4.202204045954017,1,trailing_stop,False
SPRB,2025-11-03,485,2025-11-04,2025-11-04,101.96,103.5595,49500.050599999995,50176.131142499995,676.0805424999999,1.3658178816083888,0,trailing_stop,True
WOLF,2025-11-03,2119,2025-11-04,2025-11-04,23.5,22.325,49846.2965,47259.368324999996,-2586.928175000001,-5.189810189810196,0,trailing_stop,True
SATS,2025-10-16,772,2025-10-17,2025-11-05,72.21,72.2095,55801.86611999999,55689.98826600001,-111.87785399998393,-0.20049124120579132,19,trailing_stop,False
SPRB,2025-11-04,480,2025-11-05,2025-11-05,103.2,114.94999999999999,49585.53599999999,55120.82399999999,5535.2880000000005,11.163110145668288,0,trailing_stop,True
WOLF,2025-11-04,2368,2025-11-05,2025-11-05,21.6,20.71,51199.9488,48992.23872,-2207.710079999997,-4.311938061938059,0,trailing_stop,True
PL,2025-11-04,3933,2025-11-05,2025-11-05,12.84,12.67775,50550.219719999994,49811.72915925,-738.4905607499968,-1.460904749456149,0,trailing_stop,True
SPRB,2025-11-05,416,2025-11-06,2025-11-06,120.0,114.0,49969.91999999999,47376.576,-2593.34399999999,-5.189810189810173,0,trailing_stop,True
WOLF,2025-11-05,2488,2025-11-06,2025-11-06,20.08,19.123499999999996,50008.99903999999,47531.68873199999,-2477.310308,-4.953729039884425,0,trailing_stop,True
SATS,2025-11-05,680,2025-11-06,2025-11-06,72.4,69.63499999999999,49281.232,47304.4482,-1976.7838000000047,-4.0112304822249705,0,trailing_stop,True
PL,2025-11-05,3766,2025-11-06,2025-11-06,13.01,12.369,49044.65565999999,46535.072346,-2509.5833139999886,-5.116935332154371,0,trailing_stop,True
SPRB,2025-11-06,404,2025-11-07,2025-11-07,119.0,121.96099999999998,48124.075999999994,49222.97175599999,1098.895755999998,2.2834635952283078,0,trailing_stop,True
WOLF,2025-11-06,2769,2025-11-07,2025-11-07,17.61,18.002405,48810.85208999999,49798.810785555,987.9586955550039,2.0240554164745017,0,trailing_stop,True
SATS,2025-11-06,709,2025-11-07,2025-11-07,69.02,70.699,48984.11517999999,50075.465409,1091.3502290000033,2.2279676278517346,0,trailing_stop,True
BETR,2025-11-06,869,2025-11-07,2025-11-07,56.99,55.004999999999995,49573.83431,47751.545654999994,-1822.288655000004,-3.6759082293386647,0,trailing_stop,True
SPRB,2025-11-07,385,2025-11-10,2025-11-10,125.69,122.55,48439.040649999995,47134.56825,-1304.4723999999987,-2.6930186529199984,0,trailing_stop,True
WOLF,2025-11-07,2549,2025-11-10,2025-11-10,18.68,18.086479999999998,47662.93532,46056.33508247999,-1606.6002375200042,-3.3707538713962815,0,trailing_stop,True
BETR,2025-11-07,729,2025-11-10,2025-11-10,64.62,65.12136,47155.08798,47425.99796856,270.9099885600008,0.5745084998566963,0,trailing_stop,True
SPRB,2025-11-10,400,2025-11-11,2025-11-11,118.81,120.06099999999999,47571.524,47976.37559999999,404.8515999999945,0.8510376922126639,0,trailing_stop,True
WOLF,2025-11-10,2609,2025-11-11,2025-11-11,18.02,17.328,47061.19418,45163.543248,-1897.6509319999968,-4.032305097787892,0,trailing_stop,True
PL,2025-11-10,3537,2025-11-11,2025-11-11,13.2,12.7015,46735.088399999986,44880.28029449999,-1854.808105499993,-3.968769866497124,0,trailing_stop,True
SATS,2025-11-07,638,2025-11-10,2025-11-12,73.93,70.61824999999999,47214.50734,45009.3890565,-2205.1182835,-4.670425273360479,2,trailing_stop,False
SPRB,2025-11-11,396,2025-11-12,2025-11-12,117.79,111.9005,46691.48484,44268.285402,-2423.199437999996,-5.189810189810185,0,trailing_stop,True
WOLF,2025-11-11,2604,2025-11-12,2025-11-12,17.44,18.819499999999998,45459.17376,48956.972021999994,3497.7982619999966,7.694372714441511,0,trailing_stop,True
AXTI,2025-11-11,4412,2025-11-12,2025-11-12,10.54,11.286,46548.98247999999,49744.03816799999,3195.0556880000004,6.863857205413182,0,trailing_stop,True
WOLF,2025-11-12,2490,2025-11-13,2025-11-13,19.12,18.258809999999997,47656.4088,45418.97246309999,-2237.4363369000057,-4.694932734629398,0,trailing_stop,True
INBX,2025-11-12,648,2025-11-13,2025-11-13,73.0,77.52,47351.304,50182.72704,2831.4230400000015,5.979609431664223,0,trailing_stop,True
AXTI,2025-11-12,4403,2025-11-13,2025-11-13,10.79,10.250499999999999,47555.87836999999,45087.81854849999,-2468.059821499999,-5.189810189810185,0,trailing_stop,True
SPRB,2025-11-13,445,2025-11-14,2025-11-14,105.6,105.298,47038.992,46810.75239,-228.2396099999969,-0.4852136499863713,0,trailing_stop,True
WOLF,2025-11-13,2748,2025-11-14,2025-11-14,17.14,17.575,47147.820719999996,48247.8039,1099.983180000003,2.3330520121652043,0,trailing_stop,True
SATS,2025-11-12,686,2025-11-13,2025-11-17,68.72,66.7945,47189.06191999999,45775.205973000004,-1413.855946999989,-2.996151840010952,4,trailing_stop,False
SPRB,2025-11-14,433,2025-11-17,2025-11-17,108.67,105.146,47101.16411,45482.689782,-1618.4743279999966,-3.4361662998821263,0,trailing_stop,True
WOLF,2025-11-14,2632,2025-11-17,2025-11-17,17.9,17.717499999999998,47159.91279999999,46585.82753999999,-574.0852599999998,-1.2173162033497276,0,trailing_stop,True
SPRB,2025-11-17,448,2025-11-18,2025-11-18,104.28,114.5225,46764.157439999995,51254.77391999999,4490.616479999997,9.602688738189302,0,trailing_stop,True
WOLF,2025-11-17,2673,2025-11-18,2025-11-18,17.84,17.764999999999997,47734.00631999999,47438.35915499999,-295.64716500000213,-0.6193638200364671,0,trailing_stop,True
SATS,2025-11-17,705,2025-11-18,2025-11-18,67.39,66.5,47557.45994999999,46835.6175,-721.8424499999892,-1.5178322197167526,0,trailing_stop,True
SPRB,2025-11-18,411,2025-11-19,2025-11-19,115.4,121.505,47476.829399999995,49888.616445,2411.7870450000046,5.079924408347303,0,trailing_stop,True
WOLF,2025-11-18,2671,2025-11-19,2025-11-19,17.62,17.242499999999996,47110.08302,46008.66278249999,-1101.4202375000095,-2.3379713362687404,0,trailing_stop,True
SATS,2025-11-18,676,2025-11-19,2025-11-20,69.47,67.25999999999999,47008.68171999999,45422.292239999995,-1586.389479999998,-3.374673404902273,1,trailing_stop,False
SPRB,2025-11-19,426,2025-11-20,2025-11-20,111.0,109.25,47333.28599999999,46493.9595,-839.3264999999956,-1.773226773226766,0,trailing_stop,True
WOLF,2025-11-19,2573,2025-11-20,2025-11-20,18.1,18.002499999999998,46617.8713,46274.1120675,-343.7592325000005,-0.7373979611548731,0,trailing_stop,True
SPRB,2025-11-20,466,2025-11-21,2025-11-21,101.1,106.647,47159.71259999999,49647.804498,2488.091898000006,5.275884353035698,0,trailing_stop,True
WOLF,2025-11-20,2767,2025-11-21,2025-11-21,17.17,17.195,47556.89939,47530.986435,-25.912954999999783,-0.054488318902989885,0,trailing_stop,True
GH,2025-11-20,476,2025-11-21,2025-11-21,99.75,102.657,47528.48099999999,48815.867267999995,1287.386268000002,2.708662765805636,0,trailing_stop,True
SPRB,2025-11-21,447,2025-11-24,2025-11-24,108.0,102.61899999999999,48324.276,45824.822306999995,-2499.453693000003,-5.1722527472527595,0,trailing_stop,True
WOLF,2025-11-21,2738,2025-11-24,2025-11-24,17.61,17.242499999999996,48264.396179999996,47162.75503499999,-1101.6411450000087,-2.282513057640845,0,trailing_stop,True
CRML,2025-11-21,6750,2025-11-24,2025-11-24,7.18,7.086145,48513.465,47783.64727125,-729.817728749993,-1.5043611680798152,0,trailing_stop,True
SPRB,2025-11-24,459,2025-11-25,2025-11-25,103.0,104.5,47324.276999999995,47917.5345,593.257500000007,1.2536007681638983,0,trailing_stop,True
WOLF,2025-11-24,2621,2025-11-25,2025-11-25,18.12,19.256404999999997,47540.01252,50420.566467494995,2880.5539474949983,6.059220001852439,0,trailing_stop,True
BW,2025-11-24,8373,2025-11-25,2025-11-25,5.78,5.605,48444.33594,46883.734335,-1560.6016049999962,-3.22143254669206,0,trailing_stop,True
WOLF,2025-11-25,2379,2025-11-26,2025-11-26,20.13,20.462999999999997,47937.15926999999,48632.79552299999,695.6362530000042,1.4511420025578037,0,trailing_stop,True
BW,2025-11-25,7999,2025-11-26,2025-11-26,6.01,6.08,48122.063989999995,48585.28608,463.22209000000294,0.9625981339791645,0,trailing_stop,True
MEDP,2025-11-13,80,2025-11-14,2025-11-28,587.78,594.94225,47069.42239999999,47547.78462,478.36222000001,1.016290822383259,14,trailing_stop,False
SPRB,2025-11-25,444,2025-11-26,2025-11-28,107.13,105.44999999999999,47613.28571999999,46772.9802,-840.3055199999944,-1.7648551392600575,2,trailing_stop,False
WOLF,2025-11-26,2305,2025-11-28,2025-12-01,20.4,21.964,47069.022,50576.39298,3507.3709799999997,7.451548451548451,3,trailing_stop,False
BW,2025-11-26,7408,2025-11-28,2025-12-01,6.34,6.070499999999999,47013.68672,44925.29373599999,-2088.3929840000055,-4.442095759130471,3,trailing_stop,False
SPRB,2025-11-28,477,2025-12-01,2025-12-01,100.4,99.23595499999999,47938.6908,47288.214984465,-650.4758155349991,-1.356891072075328,0,trailing_stop,True
SPRB,2025-12-01,545,2025-12-02,2025-12-02,87.57,87.79899999999999,47773.37564999999,47802.604544999995,29.22889500000747,0.061182394173164845,0,trailing_stop,True
WOLF,2025-12-01,2201,2025-12-02,2025-12-02,21.79,21.185,48007.749789999994,46581.556814999996,-1426.1929749999981,-2.9707557243124016,0,trailing_stop,True
BW,2025-12-01,7666,2025-12-02,2025-12-02,6.23,6.193999999999999,47806.939179999994,47435.720795999994,-371.2183839999998,-0.7764947732844973,0,trailing_stop,True
WOLF,2025-12-02,2256,2025-12-03,2025-12-03,21.11,20.785999999999998,47671.78415999999,46846.322783999996,-825.461375999992,-1.7315512531050015,0,trailing_stop,True
PL,2025-11-28,3991,2025-12-01,2025-12-04,11.6,12.54,46341.895599999996,49997.09286,3655.197260000001,7.887457370215989,3,trailing_stop,False
COGT,2025-12-02,1208,2025-12-03,2025-12-04,39.69,38.07599999999999,47993.46551999999,45949.81219199999,-2043.6533280000003,-4.25819078880304,1,trailing_stop,False
CELC,2025-12-02,486,2025-12-03,2025-12-04,98.33,101.98249999999999,47836.168379999996,49513.93150499999,1677.7631249999977,3.5073108524750873,1,trailing_stop,False
WOLF,2025-12-03,2271,2025-12-04,2025-12-04,21.49,22.2205,48852.59378999999,50412.2927445,1559.6989545000106,3.192663548643093,0,trailing_stop,True
WOLF,2025-12-04,2174,2025-12-05,2025-12-05,22.13,21.831,48158.73061999999,47413.133406,-745.5972139999867,-1.5482077795679006,0,trailing_stop,True
INBX,2025-12-04,542,2025-12-05,2025-12-05,88.32,86.05090499999999,47917.30943999999,46592.950919489995,-1324.3585205099953,-2.763841576222681,0,trailing_stop,True
TERN,2025-12-04,1731,2025-12-05,2025-12-05,27.73,28.737499999999997,48048.63062999999,49694.8678875,1646.2372575000045,3.426189749666131,0,trailing_stop,True
COGT,2025-12-04,1218,2025-12-05,2025-12-08,39.46,41.543499999999995,48110.34228,50549.38301699999,2439.0407369999957,5.069680699432344,3,trailing_stop,False
DMRA,2025-12-05,1822,2025-12-08,2025-12-08,26.46,26.599999999999998,48258.33012,48416.7348,158.40467999999964,0.3282431853860457,0,trailing_stop,True
WOLF,2025-12-05,2131,2025-12-08,2025-12-08,22.5,21.849999999999998,47995.447499999995,46515.78765,-1479.6598499999964,-3.0829170829170804,0,trailing_stop,True
INBX,2025-12-05,531,2025-12-08,2025-12-08,90.5,89.7465,48103.555499999995,47607.7361085,-495.8193914999938,-1.0307333550427344,0,trailing_stop,True
DMRA,2025-12-08,1871,2025-12-09,2025-12-09,25.73,26.970499999999998,48188.97083,50411.34369449999,2222.3728644999937,4.611787357609343,0,trailing_stop,True
INBX,2025-12-08,526,2025-12-09,2025-12-09,92.91,89.290405,48919.53065999999,46919.78627697001,-1999.7443830299817,-4.087824139051099,0,trailing_stop,True
WOLF,2025-12-08,2155,2025-12-09,2025-12-10,22.7,22.4105,48967.41849999999,48246.332872499996,-721.0856274999969,-1.4725824835956969,1,trailing_stop,False
DMRA,2025-12-09,1797,2025-12-10,2025-12-10,26.54,28.4715,47740.07237999999,51112.1222145,3372.0498345000087,7.063352999675554,0,trailing_stop,True
WOLF,2025-12-10,2412,2025-12-11,2025-12-11,20.29,19.437,48988.41947999999,46835.161956,-2153.257523999986,-4.395441916388165,0,trailing_stop,True
PACS,2025-12-10,1547,2025-12-11,2025-12-11,31.49,32.13849999999999,48763.74502999999,49668.541240499995,904.7962105000042,1.8554690783969985,0,trailing_stop,True
PRM,2025-12-08,1718,2025-12-09,2025-12-12,28.23,28.291,48547.63913999999,48555.334062,7.694922000009683,0.015850249644100423,3,trailing_stop,False
WOLF,2025-12-11,2496,2025-12-12,2025-12-12,19.48,18.9715,48670.702079999995,47305.511135999994,-1365.1909440000018,-2.804954285960448,0,trailing_stop,True
WOLF,2025-12-12,2599,2025-12-15,2025-12-15,18.65,17.916999999999998,48519.82134999999,46519.716716999996,-2000.1046329999954,-4.122242368891149,0,trailing_stop,True
OLMA,2025-12-12,1437,2025-12-15,2025-12-15,33.4,34.3235,48043.79579999999,49273.5466305,1229.7508305000083,2.559645444375991,0,trailing_stop,True
PACS,2025-12-11,1442,2025-12-12,2025-12-16,33.38,33.810500000000005,48182.09396,48705.98625900001,523.8922990000137,1.0873174159573562,4,trailing_stop,False
OLMA,2025-12-15,1362,2025-12-16,2025-12-16,35.56,34.446144999999994,48481.15272,46868.73384050999,-1612.418879490011,-3.325867453693687,0,trailing_stop,True
WOLF,2025-12-15,2769,2025-12-16,2025-12-17,17.41,17.56455,48256.498289999996,48587.60271105,331.104421050004,0.6861343710855561,1,trailing_stop,False
OLMA,2025-12-16,1388,2025-12-17,2025-12-17,34.28,33.3735,47628.22063999999,46276.095581999994,-1352.1250579999978,-2.838915751692872,0,trailing_stop,True
WOLF,2025-12-17,2729,2025-12-18,2025-12-18,17.5,17.347,47805.25749999999,47292.623037000005,-512.6344629999876,-1.0723390894819218,0,trailing_stop,True
OLMA,2025-12-17,1454,2025-12-18,2025-12-18,32.98,31.449749999999995,48000.872919999994,45682.20856349999,-2318.664356500005,-4.830462896715182,0,trailing_stop,True
PACS,2025-12-16,1364,2025-12-17,2025-12-19,34.97,35.1215,47746.77907999999,47857.820274,111.04119400000491,0.23256269038369748,2,trailing_stop,False
WOLF,2025-12-18,2642,2025-12-19,2025-12-19,18.0,18.002499999999998,47603.556,47515.042395,-88.5136050000001,-0.18593906093906654,0,trailing_stop,True
CELC,2025-12-18,479,2025-12-19,2025-12-19,99.49,99.883,47703.36570999999,47796.113043,92.74733300000662,0.19442513462013533,0,trailing_stop,True
WOLF,2025-12-19,2530,2025-12-22,2025-12-22,18.68,18.1925,47307.66039999999,45980.99797499999,-1326.6624250000023,-2.8043289686758732,0,trailing_stop,True
PACS,2025-12-19,1302,2025-12-22,2025-12-29,36.17,39.0636,47140.433339999996,50809.946392800004,3669.513052800008,7.784215784215798,7,take_profit,False
WOLF,2025-12-22,2619,2025-12-23,2025-12-29,18.07,17.6985,47372.655329999994,46306.019128500004,-1066.6362014999904,-2.2515862665281383,6,trailing_stop,False
PACS,2025-12-29,1208,2025-12-30,2026-01-02,39.08,38.0855,47255.84864,45961.27671600001,-1294.571923999989,-2.7394956629859135,3,trailing_stop,False
TERN,2025-12-29,1146,2025-12-30,2026-01-02,41.21,39.425,47273.88666,45135.86895,-2138.01771,-4.5226188516652055,3,trailing_stop,False
CELC,2025-12-19,467,2025-12-22,2026-01-05,101.16,100.396,47288.96172,46838.047068,-450.9146519999995,-0.9535304553098145,14,trailing_stop,False
TERN,2026-01-02,1170,2026-01-05,2026-01-05,40.13,38.455999999999996,46999.0521,44948.52647999999,-2050.5256200000076,-4.36290845959425,0,trailing_stop,True
TERN,2026-01-05,1165,2026-01-06,2026-01-06,39.91,37.9715,46541.64514999999,44192.5607025,-2349.0844474999903,-5.047274199115826,0,trailing_stop,True
CELC,2026-01-05,447,2026-01-06,2026-01-07,103.15,106.39999999999999,46154.15805,47513.239199999996,1359.0811499999982,2.944655925751416,1,trailing_stop,False
TERN,2026-01-06,1228,2026-01-07,2026-01-07,37.89,38.798,46575.448919999995,47596.300056,1020.8511360000048,2.1918224293521416,0,trailing_stop,True
PACS,2026-01-02,1182,2026-01-05,2026-01-08,39.72,40.488905,46995.98903999999,47810.02782429,814.0387842900091,1.7321452339201793,3,trailing_stop,False
TERN,2026-01-07,1169,2026-01-08,2026-01-08,39.94,38.3705,46736.54985999999,44810.2593855,-1926.2904744999905,-4.121593229004327,0,trailing_stop,True
CELC,2026-01-07,428,2026-01-08,2026-01-08,107.76,103.55,46167.40127999999,44275.0806,-1892.3206799999898,-4.0988243382452545,0,trailing_stop,True
TERN,2026-01-08,1207,2026-01-09,2026-01-09,37.83,36.432404999999996,45706.47080999999,43929.938922165,-1776.5318878349935,-3.886827961887429,0,trailing_stop,True
CELC,2026-01-08,432,2026-01-09,2026-01-12,104.41,102.4765,45150.22511999999,44225.578151999995,-924.6469679999936,-2.0479343470436118,3,trailing_stop,False
TERN,2026-01-09,1284,2026-01-12,2026-01-12,35.42,34.0385,45524.75927999999,43661.728566,-1863.0307139999932,-4.0923461067447375,0,trailing_stop,True
TERN,2026-01-12,1325,2026-01-13,2026-01-13,34.08,33.82,45201.155999999995,44766.6885,-434.46749999999884,-0.9611867006233177,0,trailing_stop,True
PACS,2026-01-08,1102,2026-01-09,2026-01-14,41.5,40.925999999999995,45778.73299999999,45055.351548,-723.3814519999942,-1.5801692283619828,5,trailing_stop,False
REAL,2026-01-12,2691,2026-01-13,2026-01-14,16.75,16.3875,45119.32425,44054.6637375,-1064.6605124999987,-2.3596552701030338,1,trailing_stop,False
TERN,2026-01-13,1286,2026-01-14,2026-01-14,34.45,36.451499999999996,44347.0027,46829.752370999995,2482.7496709999978,5.598461045485714,0,trailing_stop,True
REAL,2026-01-14,2709,2026-01-15,2026-01-16,16.58,16.121499999999997,44960.13521999999,43629.470356499995,-1330.6648634999947,-2.959654940957701,1,trailing_stop,False
PACS,2026-01-14,1131,2026-01-15,2026-01-20,39.8,38.0,45058.81379999999,42935.022,-2123.791799999992,-4.713377075186099,5,trailing_stop,False
TERN,2026-01-14,1207,2026-01-15,2026-01-20,37.07,36.33275,44788.23348999999,43809.77562075,-978.4578692499927,-2.1846315270917183,5,trailing_stop,False
REAL,2026-01-16,2653,2026-01-20,2026-01-20,16.41,15.959999999999999,43579.26573,42299.53812,-1279.7276100000017,-2.936551565436396,0,trailing_stop,True
PACS,2026-01-20,1221,2026-01-21,2026-01-21,36.02,34.6845,44024.40042,42307.4247255,-1716.9756944999972,-3.9000546926698965,0,trailing_stop,True
HUT,2026-01-20,744,2026-01-21,2026-01-21,59.08,59.413,43999.47551999999,44159.068728,159.5932080000057,0.3627161599402795,0,trailing_stop,True
REAL,2026-01-20,2723,2026-01-21,2026-01-22,16.15,16.522589999999997,44020.42644999999,44946.021557429995,925.5951074300028,2.102649115590305,1,trailing_stop,False
ALMS,2026-01-21,1623,2026-01-22,2026-01-23,26.89,25.65,43686.11246999999,41588.320049999995,-2097.792419999998,-4.801966349009856,1,trailing_stop,False
PACS,2026-01-21,1224,2026-01-22,2026-01-26,35.78,34.409,43838.51472,42074.499384,-1764.0153359999968,-4.023893937253353,4,trailing_stop,False
OLMA,2026-01-22,1647,2026-01-23,2026-01-26,26.05,24.871,42947.254349999996,40921.574463,-2025.6798869999984,-4.716669127417683,3,trailing_stop,False
BW,2026-01-23,4597,2026-01-26,2026-01-26,9.32,9.632905000000001,42886.88404,44238.181820715,1351.2977807150019,3.1508415940282974,0,trailing_stop,True
OLMA,2026-01-26,1715,2026-01-27,2026-01-27,24.96,24.918499999999998,42849.206399999995,42692.49227249999,-156.7141275000031,-0.3657340255898034,0,trailing_stop,True
ALMS,2026-01-26,1648,2026-01-27,2026-01-27,26.21,25.612949999999998,43237.274079999996,42167.931458399995,-1069.3426216000007,-2.473196204787198,0,trailing_stop,True
PACS,2026-01-26,1226,2026-01-27,2026-01-28,35.05,33.535,43014.27129999999,41072.796089999996,-1941.4752099999969,-4.513560619124091,1,trailing_stop,False
OLMA,2026-01-27,1631,2026-01-28,2026-01-28,26.1,25.041999999999998,42611.6691,40802.658498,-1809.010602000002,-4.2453408660305225,0,trailing_stop,True
ALMS,2026-01-27,1618,2026-01-28,2026-01-28,26.0,26.714,42110.06799999999,43180.028748,1069.960748000005,2.540866825482224,0,trailing_stop,True
ALMS,2026-01-28,1530,2026-01-29,2026-01-29,27.5,26.8755,42117.075,41078.395485,-1038.6795149999962,-2.466172009808365,0,trailing_stop,True
TERN,2026-01-29,1224,2026-01-30,2026-01-30,34.18,34.171499999999995,41878.156319999995,41784.09008399999,-94.06623600000603,-0.2246188568599483,0,trailing_stop,True
PACS,2026-01-28,1226,2026-01-29,2026-02-02,34.51,34.2285,42351.56925999999,41922.176859,-429.39240099999006,-1.0138760109782763,4,trailing_stop,False
ALMS,2026-01-30,1741,2026-02-02,2026-02-02,24.46,25.8875,42627.444859999996,45025.0673625,2397.622502500002,5.624598214540977,0,trailing_stop,True
GPCR,2026-01-28,477,2026-01-29,2026-02-03,88.48,87.457,42247.164959999995,41675.272010999994,-571.892949000001,-1.3536836129512508,5,trailing_stop,False
TERN,2026-02-02,1147,2026-02-03,2026-02-03,37.0,37.021499999999996,42481.439,42421.1968395,-60.242160499998135,-0.14180819180819038,0,trailing_stop,True
PACS,2026-02-02,1189,2026-02-03,2026-02-04,35.44,35.04265,42180.29815999999,41624.04513915,-556.2530208499884,-1.3187508033726703,1,trailing_stop,False
GPCR,2026-02-03,506,2026-02-04,2026-02-04,83.97,80.55999999999999,42531.30882,40722.596639999996,-1808.7121800000023,-4.25266052275699,0,trailing_stop,True
CRVS,2026-02-03,1969,2026-02-04,2026-02-04,21.44,20.869695,42257.575359999995,41051.337025545,-1206.2383344549962,-2.8544901693455693,0,trailing_stop,True
GPCR,2026-02-04,526,2026-02-05,2026-02-05,79.31,75.4205,41758.77705999999,39631.511817000006,-2127.265242999987,-5.094175147762304,0,trailing_stop,True
PACS,2026-02-04,1152,2026-02-05,2026-02-05,35.65,36.004999999999995,41109.86879999999,41436.28223999999,326.4134400000039,0.7940026313097981,0,trailing_stop,True
CRVS,2026-02-04,2005,2026-02-05,2026-02-05,20.63,20.159,41404.51315,40378.376205,-1026.1369449999984,-2.4783214846229806,0,trailing_stop,True
CRVS,2026-02-05,2185,2026-02-06,2026-02-06,19.06,19.73815,41687.7461,43084.729892250005,1396.9837922500083,3.35106577577724,0,trailing_stop,True
GPCR,2026-02-05,559,2026-02-06,2026-02-06,75.5,72.3235,42246.70449999999,40388.407663499995,-1858.2968364999979,-4.398678804639067,0,trailing_stop,True
CRVS,2026-02-06,2013,2026-02-09,2026-02-09,20.54,20.4915,41388.36701999999,41208.1401105,-180.22690949999378,-0.4354530571667681,0,trailing_stop,True
PACS,2026-02-05,1117,2026-02-06,2026-02-10,36.96,37.60575,41325.60432,41963.61712725,638.0128072500011,1.5438680637544389,4,trailing_stop,False
ALMS,2026-02-06,1564,2026-02-09,2026-02-11,26.39,25.953905,41315.23396,40551.31551258,-763.918447420001,-1.848999446934274,2,trailing_stop,False
CRVS,2026-02-09,2065,2026-02-10,2026-02-11,20.1,19.323,41548.006499999996,39862.093005,-1685.9134949999934,-4.057748221927316,1,trailing_stop,False
PACS,2026-02-10,1036,2026-02-11,2026-02-11,39.48,37.82235,40942.18128,39144.7706454,-1797.4106345999971,-4.390119379101131,0,trailing_stop,True
NVRI,2025-12-09,2702,2025-12-10,2026-02-12,18.03,19.472400000000004,48765.77706,52561.81037520001,3796.0333152000094,7.784215784215798,64,take_profit,False
PACS,2026-02-11,1014,2026-02-12,2026-02-12,39.74,37.753,40336.65635999999,38243.260458000004,-2093.3959019999893,-5.189810189810162,0,trailing_stop,True
PRAX,2026-02-11,123,2026-02-12,2026-02-12,323.99,318.9625,39890.62077,39193.1551125,-697.4656575000045,-1.748445233583673,0,trailing_stop,True
ALMS,2026-02-11,1573,2026-02-12,2026-02-12,25.63,26.400499999999997,40356.30598999999,41486.4585135,1130.152523500008,2.800436005664264,0,trailing_stop,True
ALMS,2026-02-12,1495,2026-02-13,2026-02-13,26.77,26.599999999999998,40061.171149999995,39727.233,-333.9381499999945,-0.833570613174639,0,trailing_stop,True
PRAX,2026-02-12,120,2026-02-13,2026-02-13,332.74,316.84874999999994,39968.7288,37983.828149999994,-1984.9006500000032,-4.9661340492770485,0,trailing_stop,True
OLMA,2026-02-12,1672,2026-02-13,2026-02-13,23.66,22.8285,39599.07951999999,38131.082748,-1467.9967719999913,-3.7071487261681524,0,trailing_stop,True
PACS,2026-02-12,1043,2026-02-13,2026-02-17,38.52,39.804905,40216.53636,41474.999399085,1258.4630390849998,3.129217861577671,4,trailing_stop,False
ALMS,2026-02-13,1530,2026-02-17,2026-02-17,26.1,25.721249999999998,39972.933,39314.1589875,-658.7740124999982,-1.6480502256364327,0,trailing_stop,True
BNAI,2026-02-13,2023,2026-02-17,2026-02-17,19.81,18.9145,40115.70562999999,38225.769466499994,-1889.936163499995,-4.711212563307454,0,trailing_stop,True
BNAI,2026-02-17,2113,2026-02-18,2026-02-18,18.81,18.829,39785.27552999999,39745.891323,-39.38420699998824,-0.09899191717370748,0,trailing_stop,True
PACS,2026-02-17,968,2026-02-18,2026-02-18,41.0,39.985405,39727.687999999995,38667.16616796,-1060.5218320399945,-2.669477851416857,0,trailing_stop,True
PRAX,2026-02-13,125,2026-02-17,2026-02-19,315.22,317.8795,39441.9025,39695.2025625,253.30006250000588,0.6422105589354077,2,trailing_stop,False
ALMS,2026-02-17,1485,2026-02-18,2026-02-19,26.58,29.07,39510.77129999999,43125.78105,3615.0097500000047,9.149428449654206,1,trailing_stop,False
BNAI,2026-02-18,2132,2026-02-19,2026-02-19,18.81,19.08721,40143.022919999996,40653.23778828,510.21486828000343,1.270992643719926,0,trailing_stop,True
MOD,2026-02-18,186,2026-02-19,2026-02-20,215.75,217.1795,40169.629499999995,40354.991613,185.36211300000286,0.4614484009617392,1,trailing_stop,False
CAPR,2026-02-19,1395,2026-02-20,2026-02-20,28.7,27.929999999999996,40076.536499999995,38923.38764999999,-1153.148850000005,-2.8773665359031364,0,trailing_stop,True
ALMS,2026-02-19,1408,2026-02-20,2026-02-23,28.55,27.474,40238.598399999995,38644.708608,-1593.8897919999945,-3.9610966966483474,3,trailing_stop,False
BNAI,2026-02-19,2113,2026-02-20,2026-02-23,18.95,20.71,40081.39134999999,43716.46977,3635.0784200000126,9.06924210354292,3,trailing_stop,False
CAPR,2026-02-20,1414,2026-02-23,2026-02-23,28.16,27.625999999999998,39858.05823999999,39024.100836,-833.9574039999934,-2.0923181931704504,0,trailing_stop,True
ERAS,2026-02-20,3130,2026-02-23,2026-02-24,12.7,13.299999999999999,39790.751,41587.371,1796.6200000000026,4.515169869500579,1,trailing_stop,False
BNAI,2026-02-23,1914,2026-02-24,2026-02-24,21.2,27.549999999999997,40617.37679999999,52677.9693,12060.592500000006,29.69318417431628,0,trailing_stop,True
BW,2026-02-23,5035,2026-02-24,2026-02-24,8.59,8.815999999999999,43293.900649999996,44344.17144,1050.2707900000023,2.425909364209722,0,trailing_stop,True
ALMS,2026-02-23,1467,2026-02-24,2026-02-25,27.55,29.754,40456.265849999996,43605.468882,3149.203032000005,7.784215784215798,1,take_profit,False
TERN,2026-02-24,1054,2026-02-25,2026-02-26,41.15,40.0235,43415.47209999999,42142.584231,-1272.887868999991,-2.9318761432977514,1,trailing_stop,False
PRAX,2026-02-24,126,2026-02-25,2026-02-26,343.4,337.12697499999996,43311.66839999999,42435.520851149995,-876.1475488499927,-2.022890323130555,1,trailing_stop,False
CAPR,2026-02-24,1555,2026-02-25,2026-02-27,27.99,27.435999999999996,43567.974449999994,42620.317019999995,-947.6574299999993,-2.17512391145831,2,trailing_stop,False
TERN,2026-02-26,1067,2026-02-27,2026-02-27,40.4,40.128,43149.90679999999,42773.759424,-376.14737599998625,-0.8717223370688365,0,trailing_stop,True
ALMS,2026-02-25,1478,2026-02-26,2026-03-02,29.305,28.557,43356.10279,42165.038754,-1191.0640359999961,-2.747165818314079,4,trailing_stop,False
ERAS,2026-02-26,3212,2026-02-27,2026-03-02,13.54,13.893749999999999,43533.97047999999,44582.098275,1048.1277950000076,2.4076090084214297,3,trailing_stop,False
TERN,2026-02-27,1063,2026-03-02,2026-03-02,41.0,40.736,43626.583,43259.065632,-367.5173680000007,-0.8424161204649061,0,trailing_stop,True
CAPR,2026-02-27,1631,2026-03-02,2026-03-03,26.692,26.248499999999996,43578.186652,42768.492196499996,-809.6944555000009,-1.8580269573076458,1,trailing_stop,False
ALMS,2026-03-02,1475,2026-03-03,2026-03-03,28.76,28.06775,42463.420999999995,41358.53131875,-1104.8896812499952,-2.6019799046572256,0,trailing_stop,True
ERAS,2026-03-02,2968,2026-03-03,2026-03-03,14.22,13.8985,42247.164959999995,41209.497252,-1037.6677079999936,-2.4561830574488686,0,trailing_stop,True
PRAX,2026-03-02,132,2026-03-03,2026-03-05,318.5,315.94149999999996,42084.041999999994,41662.573722,-421.468277999993,-1.0014919146787093,2,trailing_stop,False
ALMS,2026-03-03,1489,2026-03-04,2026-03-05,28.41,27.9205,42344.79248999999,41532.0508755,-812.7416144999952,-1.9193425370827577,1,trailing_stop,False
TERN,2026-03-03,1009,2026-03-04,2026-03-05,42.05,41.04,42470.87844999999,41367.95064,-1102.9278099999865,-2.596903690839447,1,trailing_stop,False
ALMS,2026-03-05,1542,2026-03-06,2026-03-06,26.99,26.562,41660.19857999999,40917.645396,-742.5531839999894,-1.7824043314965676,0,trailing_stop,True
TERN,2026-03-05,1023,2026-03-06,2026-03-06,40.66,41.705,41636.77517999999,42621.550785,984.7756050000098,2.365158206279716,0,trailing_stop,True
ERAS,2026-03-05,2697,2026-03-06,2026-03-06,15.58,15.1715,42061.279259999996,40876.6179645,-1184.6612954999946,-2.816512755537137,0,trailing_stop,True
ALMS,2026-03-06,1540,2026-03-09,2026-03-09,26.9,26.077499999999997,41467.42599999999,40119.19065,-1348.2353499999954,-3.251311885140873,0,trailing_stop,True
ERAS,2026-03-06,2654,2026-03-09,2026-03-09,15.6,15.2,41443.8024,40300.4592,-1143.343200000003,-2.7587796818566157,0,trailing_stop,True
BNAI,2026-03-06,868,2026-03-09,2026-03-09,47.765,45.5525,41501.48002,39500.03043,-2001.4495900000038,-4.822598107430109,0,trailing_stop,True
ALMS,2026-03-09,1498,2026-03-10,2026-03-10,27.06,27.018,40576.41587999999,40432.491036,-143.92484399999375,-0.3547007316408446,0,trailing_stop,True
ERAS,2026-03-09,2591,2026-03-10,2026-03-10,15.755,15.58475,40862.026204999995,40339.70716275,-522.3190422499974,-1.2782504705703635,0,trailing_stop,True
ALMS,2026-03-10,1437,2026-03-11,2026-03-11,28.1,26.940099999999997,40420.0797,38674.2107763,-1745.8689236999999,-4.3193109381721495,0,trailing_stop,True
ERAS,2026-03-10,2589,2026-03-11,2026-03-12,15.4,14.981499999999999,39910.47059999999,38748.3163965,-1162.1542034999948,-2.911903032032892,1,trailing_stop,False
ALMS,2026-03-11,1530,2026-03-12,2026-03-12,25.89,24.889999999999997,39651.3117,38043.618299999995,-1607.6934000000037,-4.05457809861055,0,trailing_stop,True
ALMS,2026-03-12,1548,2026-03-13,2026-03-13,25.51,24.947,39528.96948,38579.338044,-949.6314360000033,-2.4023683098555737,0,trailing_stop,True
BNAI,2026-03-12,1040,2026-03-13,2026-03-13,37.75,36.574999999999996,39299.259999999995,37999.96199999999,-1299.2980000000025,-3.306164034640857,0,trailing_stop,True
BNAI,2026-03-13,1057,2026-03-16,2026-03-16,37.15,35.94325,39306.81754999999,37954.02323475,-1352.7943152499938,-3.4416276859076222,0,trailing_stop,True
ALMS,2026-03-13,1536,2026-03-16,2026-03-17,25.4,25.137,39053.41439999999,38571.821568,-481.59283199998754,-1.2331644733219238,1,trailing_stop,False
BNAI,2026-03-16,1045,2026-03-17,2026-03-17,37.32,39.083,39038.399399999995,40800.893265,1762.493865000004,4.514769796120288,0,trailing_stop,True
ALMS,2026-03-17,1482,2026-03-18,2026-03-18,26.33,25.013499999999997,39060.08106,37032.936992999996,-2027.144067000001,-5.189810189810196,0,trailing_stop,True
BNAI,2026-03-17,916,2026-03-18,2026-03-18,42.32,43.310500000000005,38803.88512,39632.745582,828.8604620000042,2.1360244198145972,0,trailing_stop,True
BNAI,2026-03-18,937,2026-03-19,2026-03-20,41.4,40.954499999999996,38830.591799999995,38335.992133499996,-494.5996664999984,-1.273737132432784,1,trailing_stop,False
ALMS,2026-03-18,1556,2026-03-19,2026-03-20,24.91,24.4245,38798.719959999995,37966.517477999994,-832.2024820000006,-2.1449225202737843,1,trailing_stop,False
BNAI,2026-03-20,986,2026-03-23,2026-03-24,39.1,38.332499999999996,38591.152599999994,37758.04915499999,-833.1034450000006,-2.158793891530464,1,trailing_stop,False
BNAI,2026-03-24,1036,2026-03-25,2026-03-25,37.13,39.6625,38505.14668,41049.25965,2544.112970000002,6.607202385548749,0,trailing_stop,True
BNAI,2026-03-25,1018,2026-03-26,2026-03-26,38.26,37.48966,38987.628679999994,38126.309406119995,-861.319273879999,-2.2092117500899455,0,trailing_stop,True
BNAI,2026-03-26,1033,2026-03-27,2026-03-30,37.53,35.97175,38807.25848999999,37121.65893225,-1685.5995577499925,-4.343516196034159,3,trailing_stop,False
BNAI,2026-03-30,1055,2026-03-31,2026-03-31,36.71,36.8505,38767.77905,38838.40022249999,70.62117249999574,0.1821646073893346,0,trailing_stop,True
BNAI,2026-03-31,1050,2026-04-01,2026-04-02,36.79,40.384499999999996,38668.129499999995,42361.321275,3693.1917750000066,9.550996706473747,1,trailing_stop,False
BNAI,2026-04-02,948,2026-04-06,2026-04-06,41.5,43.699999999999996,39381.342,41386.172399999996,2004.830399999999,5.090812801656175,0,trailing_stop,True
JAN,2026-04-06,1700,2026-04-07,2026-04-14,23.39,24.595499999999998,39802.763,41770.53765,1967.7746499999994,4.943814202044217,7,trailing_stop,False
JAN,2026-04-14,1543,2026-04-15,2026-04-16,25.96,25.369749999999996,40096.336279999996,39106.37872574999,-989.9575542500024,-2.468947654810527,1,trailing_stop,False
