symbol,sector,oracle_events,years,median_dollar_volume,first_date,last_date,liquidity_quintile
APOG,Industrials,61,6,12755908.0,2018-09-18,2025-07-11,1
BWIN,Financials,570,5,13822602.5,2021-11-16,2025-07-11,1
DOO,Consumer Discretionary,72,5,7579708.0,2018-10-01,2025-06-17,1
HZO,Consumer Discretionary,810,7,12903488.5,2018-11-07,2025-05-05,1
INDB,Financials,138,3,11700288.0,2021-01-08,2024-03-08,1
OR,Materials,51,4,10904084.0,2019-08-05,2025-05-21,1
SCHL,Communication Services,35,3,8104737.640000001,2022-09-26,2025-04-16,1
TSEM,Information Technology,293,7,15662220.0,2018-07-05,2025-07-10,1
VRRM,Industrials,48,2,13057219.995,2020-05-18,2021-06-16,1
XPRO,Energy,603,5,14022615.0,2021-12-17,2025-04-02,1
CLBT,Information Technology,252,2,20808987.0,2024-02-26,2025-07-11,2
EADSY,Industrials,32,4,20811306.200000003,2020-03-18,2024-11-12,2
EGO,Materials,720,6,22612047.5,2020-02-24,2025-07-11,2
EPC,Consumer Staples,239,5,19593792.0,2018-07-09,2025-07-10,2
SKY,Consumer Staples,1522,8,18887892.0,2018-08-06,2025-07-11,2
SSTK,Communication Services,873,8,17193309.84,2018-07-31,2025-04-14,2
SWBI,Consumer Discretionary,600,6,25205223.5,2018-08-31,2024-12-26,2
VIRT,Financials,335,7,19705797.5,2018-07-05,2025-06-17,2
VIXY,Other,488,3,23461399.560000002,2023-07-12,2025-07-11,2
VSH,Industrials,169,5,23581506.76,2018-07-09,2025-07-09,2
BOOT,Consumer Discretionary,1752,8,38294882.0,2018-07-05,2025-07-11,3
BRSL,Consumer Discretionary,1222,8,33445554.0,2018-07-05,2025-07-11,3
CC,Materials,1607,8,38499296.0,2018-07-05,2025-07-11,3
CNXC,Industrials,366,3,31684232.75,2023-05-09,2025-07-10,3
H,Consumer Discretionary,111,2,48970561.0,2020-03-18,2021-02-03,3
HAE,Health Care,265,7,32988385.44,2018-07-18,2025-02-19,3
PNFP,Financials,235,4,26595657.479999997,2020-03-18,2025-01-30,3
ROM,Other,361,5,34242736.0,2018-07-05,2022-02-18,3
UNG,Other,1320,8,38021922.31999999,2018-11-15,2025-07-11,3
VC,Consumer Discretionary,1024,8,32055385.0,2018-09-19,2025-03-19,3
CCJ,Energy,1083,7,129340638.0,2018-07-05,2025-07-11,4
CIEN,Communication Services,376,5,105719262.0,2018-07-06,2025-07-11,4
ELAN,Health Care,446,6,71107403.0,2020-10-01,2025-06-26,4
GLOB,Information Technology,1318,8,53269768.739999995,2018-07-05,2025-07-11,4
MKSI,Information Technology,1024,8,65072814.5,2018-07-06,2025-07-10,4
MTB,Financials,59,2,124295621.04,2020-05-11,2023-06-29,4
PBF,Energy,1534,8,70490115.5,2018-07-05,2025-07-11,4
PFGC,Consumer Discretionary,461,3,51250058.75,2020-03-12,2022-07-12,4
SDOW,Other,892,5,57069366.879999995,2021-06-01,2025-07-11,4
SPTL,Other,30,2,66755606.28,2020-02-27,2025-04-04,4
AA,Materials,1702,8,163770049.66500002,2018-07-05,2025-07-11,5
APP,Information Technology,562,3,281637250.0,2023-04-14,2025-07-11,5
ASML,Information Technology,85,5,1171722623.13,2020-01-15,2025-07-10,5
EPD,Energy,46,2,192326659.5,2020-03-10,2022-03-10,5
IEI,Other,36,2,307765931.5,2020-03-09,2025-04-04,5
KWEB,Other,463,7,577381068.0,2018-09-17,2025-03-11,5
SGI,Consumer Staples,675,6,144667232.0,2018-07-05,2023-12-05,5
SNOW,Information Technology,672,4,773900973.71,2022-09-15,2025-07-11,5
UPRO,Other,1038,8,468853588.865,2018-07-05,2025-07-07,5
VALE,Materials,591,7,316125040.0,2018-07-05,2024-11-11,5
