"prediction_date","symbol","oracle_exit_date","event_ex_date","split_ratio","old_future_return","old_oracle_decile","reason"
"2021-06-21","NVDA","2021-07-20","2021-07-20","4","-0,7474935218223012","1","SPLIT_PRICE_RATIO_MATCHES_UNADJUSTED"
"2021-06-22","NVDA","2021-07-21","2021-07-20","4","-0,7430738480680901","1","SPLIT_PRICE_RATIO_MATCHES_UNADJUSTED"
"2021-06-23","NVDA","2021-07-22","2021-07-20","4","-0,7429587164989702","1","SPLIT_PRICE_RATIO_MATCHES_UNADJUSTED"
"2021-06-24","NVDA","2021-07-23","2021-07-20","4","-0,7454114706724636","1","SPLIT_PRICE_RATIO_MATCHES_UNADJUSTED"
"2021-06-25","NVDA","2021-07-26","2021-07-20","4","-0,7465451106090064","1","SPLIT_PRICE_RATIO_MATCHES_UNADJUSTED"
"2021-06-28","NVDA","2021-07-27","2021-07-20","4","-0,7597197898423818","1","SPLIT_PRICE_RATIO_MATCHES_UNADJUSTED"
"2021-06-29","NVDA","2021-07-28","2021-07-20","4","-0,7565381302507896","1","SPLIT_PRICE_RATIO_MATCHES_UNADJUSTED"
"2021-06-30","NVDA","2021-07-29","2021-07-20","4","-0,7542557180352456","1","SPLIT_PRICE_RATIO_MATCHES_UNADJUSTED"
"2021-07-01","NVDA","2021-07-30","2021-07-20","4","-0,758819018404908","1","SPLIT_PRICE_RATIO_MATCHES_UNADJUSTED"
"2021-07-02","NVDA","2021-08-02","2021-07-20","4","-0,7589935080782936","1","SPLIT_PRICE_RATIO_MATCHES_UNADJUSTED"
"2021-07-06","NVDA","2021-08-03","2021-07-20","4","-0,760671063120516","1","SPLIT_PRICE_RATIO_MATCHES_UNADJUSTED"
"2021-07-07","NVDA","2021-08-04","2021-07-20","4","-0,751199577846773","1","SPLIT_PRICE_RATIO_MATCHES_UNADJUSTED"
"2021-07-08","NVDA","2021-08-05","2021-07-20","4","-0,7407770283001093","1","SPLIT_PRICE_RATIO_MATCHES_UNADJUSTED"
"2021-07-09","NVDA","2021-08-06","2021-07-20","4","-0,746063016670615","1","SPLIT_PRICE_RATIO_MATCHES_UNADJUSTED"
"2021-07-12","NVDA","2021-08-09","2021-07-20","4","-0,7526508226691042","1","SPLIT_PRICE_RATIO_MATCHES_UNADJUSTED"
"2021-07-13","NVDA","2021-08-10","2021-07-20","4","-0,7538765432098765","1","SPLIT_PRICE_RATIO_MATCHES_UNADJUSTED"
"2021-07-14","NVDA","2021-08-11","2021-07-20","4","-0,7517954791724416","1","SPLIT_PRICE_RATIO_MATCHES_UNADJUSTED"
"2021-07-15","NVDA","2021-08-12","2021-07-20","4","-0,7376260462663942","1","SPLIT_PRICE_RATIO_MATCHES_UNADJUSTED"
"2021-07-16","NVDA","2021-08-13","2021-07-20","4","-0,7220968008369584","1","SPLIT_PRICE_RATIO_MATCHES_UNADJUSTED"
"2021-07-19","NVDA","2021-08-16","2021-07-20","4","-0,7344213847362185","1","SPLIT_PRICE_RATIO_MATCHES_UNADJUSTED"
"2024-05-10","NVDA","2024-06-10","2024-06-10","10","-0,8644940919913661","1","SPLIT_PRICE_RATIO_MATCHES_UNADJUSTED"
"2024-05-13","NVDA","2024-06-11","2024-06-10","10","-0,8662485204482351","1","SPLIT_PRICE_RATIO_MATCHES_UNADJUSTED"
"2024-05-14","NVDA","2024-06-12","2024-06-10","10","-0,8629537345162075","1","SPLIT_PRICE_RATIO_MATCHES_UNADJUSTED"
"2024-05-15","NVDA","2024-06-13","2024-06-10","10","-0,8630349783366797","1","SPLIT_PRICE_RATIO_MATCHES_UNADJUSTED"
"2024-05-16","NVDA","2024-06-14","2024-06-10","10","-0,8602359075445903","1","SPLIT_PRICE_RATIO_MATCHES_UNADJUSTED"
"2024-05-17","NVDA","2024-06-17","2024-06-10","10","-0,8583678456730717","1","SPLIT_PRICE_RATIO_MATCHES_UNADJUSTED"
"2024-05-20","NVDA","2024-06-18","2024-06-10","10","-0,8569529436589998","1","SPLIT_PRICE_RATIO_MATCHES_UNADJUSTED"
"2024-05-21","NVDA","2024-06-20","2024-06-10","10","-0,8628939257333361","1","SPLIT_PRICE_RATIO_MATCHES_UNADJUSTED"
"2024-05-22","NVDA","2024-06-21","2024-06-10","10","-0,8666982762824353","1","SPLIT_PRICE_RATIO_MATCHES_UNADJUSTED"
"2024-05-23","NVDA","2024-06-24","2024-06-10","10","-0,886212776616345","1","SPLIT_PRICE_RATIO_MATCHES_UNADJUSTED"
"2024-05-24","NVDA","2024-06-25","2024-06-10","10","-0,8815711615587636","1","SPLIT_PRICE_RATIO_MATCHES_UNADJUSTED"
"2024-05-28","NVDA","2024-06-26","2024-06-10","10","-0,8890264352376186","1","SPLIT_PRICE_RATIO_MATCHES_UNADJUSTED"
"2024-05-29","NVDA","2024-06-27","2024-06-10","10","-0,892018288700196","1","SPLIT_PRICE_RATIO_MATCHES_UNADJUSTED"
"2024-05-30","NVDA","2024-06-28","2024-06-10","10","-0,8881990950226244","1","SPLIT_PRICE_RATIO_MATCHES_UNADJUSTED"
"2024-05-31","NVDA","2024-07-01","2024-06-10","10","-0,8866217288590115","1","SPLIT_PRICE_RATIO_MATCHES_UNADJUSTED"
"2024-06-03","NVDA","2024-07-02","2024-06-10","10","-0,8933304347826087","1","SPLIT_PRICE_RATIO_MATCHES_UNADJUSTED"
"2024-06-04","NVDA","2024-07-03","2024-06-10","10","-0,8898288344770133","1","SPLIT_PRICE_RATIO_MATCHES_UNADJUSTED"
"2024-06-05","NVDA","2024-07-05","2024-06-10","10","-0,8972312969617772","1","SPLIT_PRICE_RATIO_MATCHES_UNADJUSTED"
"2024-06-06","NVDA","2024-07-08","2024-06-10","10","-0,8940478355014132","1","SPLIT_PRICE_RATIO_MATCHES_UNADJUSTED"
"2024-06-07","NVDA","2024-07-09","2024-06-10","10","-0,8913208920653828","1","SPLIT_PRICE_RATIO_MATCHES_UNADJUSTED"
