"prediction_date","symbol","old_future_return","new_future_return","old_oracle_decile","new_oracle_decile","old_oracle_extreme10","new_oracle_extreme10","in_old_oracle_top20"
"2021-06-21","BSV","0,0026796589524968883","0,0026796589524968883","7","6","0","0","False"
"2021-06-21","ESI","-0,023972602739726012","-0,023972602739726012","5","4","0","0","False"
"2021-06-21","FLR","-0,0386389850057669","-0,0386389850057669","4","3","0","0","True"
"2021-06-21","MRK","-0,007557003257328998","-0,007557003257328998","6","5","0","0","False"
"2021-06-21","NVDA","-0,7474935218223012","0,010025912710795115","1","7","1","0","False"
"2021-06-21","OXM","-0,1008","-0,1008","2","1","0","1","True"
"2021-06-21","VIOV","-0,05941463950359682","-0,05941463950359682","3","2","0","0","False"
"2021-06-22","ABM","0,008382969335980706","0,008382969335980706","7","6","0","0","False"
"2021-06-22","BKNG","-0,025265449375805216","-0,025265449375805216","4","3","0","0","False"
"2021-06-22","CNX","-0,0799418604651162","-0,0799418604651162","2","1","0","1","True"
"2021-06-22","IJS","-0,04257942152679006","-0,04257942152679006","3","2","0","0","False"
"2021-06-22","JBHT","0,02045525413158722","0,02045525413158722","8","7","0","0","False"
"2021-06-22","NVDA","-0,7430738480680901","0,027704607727639496","1","8","1","0","False"
"2021-06-22","VGK","-0,011918775750441313","-0,011918775750441313","5","4","0","0","False"
"2021-06-23","EWT","0,017395467602936643","0,017395467602936643","8","7","0","0","False"
"2021-06-23","FTDR","-0,01749798873692676","-0,01749798873692676","5","4","0","0","False"
"2021-06-23","GEN","-0,05582078589790673","-0,05582078589790673","3","2","0","0","False"
"2021-06-23","IJK","0,004762501566612398","0,004762501566612398","7","6","0","0","False"
"2021-06-23","IXC","-0,09522045201926632","-0,09522045201926632","2","1","0","1","False"
"2021-06-23","NVDA","-0,7429587164989702","0,02816513400411913","1","8","1","0","False"
"2021-06-23","SPSC","-0,03401891022516823","-0,03401891022516823","4","3","0","0","False"
"2021-06-23","SSD","-0,00508028667331939","-0,00508028667331939","6","5","0","0","False"
"2021-06-24","BBEU","-0,006735140596059952","-0,006735140596059952","6","5","0","0","False"
"2021-06-24","CM","-0,03772788656313297","-0,03772788656313297","4","3","0","0","False"
"2021-06-24","EWBC","0,004805711931896273","0,004805711931896273","7","6","0","0","False"
"2021-06-24","LEA","-0,06330959457186125","-0,06330959457186125","3","2","0","0","False"
"2021-06-24","NVDA","-0,7454114706724636","0,01835411731014558","1","7","1","0","False"
"2021-06-24","VC","-0,11029231147138296","-0,11029231147138296","2","1","0","1","True"
"2021-06-24","WAB","-0,019887384689109777","-0,019887384689109777","5","4","0","0","False"
"2021-06-25","ADNT","-0,1012911843276938","-0,1012911843276938","2","1","0","1","True"
"2021-06-25","DOG","-0,021994134897360684","-0,021994134897360684","5","4","0","0","False"
"2021-06-25","EFG","0,0025844563411483445","0,0025844563411483445","7","6","0","0","False"
"2021-06-25","HYEM","-0,009197324414715768","-0,009197324414715768","6","5","0","0","False"
"2021-06-25","IEMG","-0,062490722873682736","-0,062490722873682736","3","2","0","0","False"
"2021-06-25","ITA","-0,03990715114721899","-0,03990715114721899","4","3","0","0","False"
"2021-06-25","NVDA","-0,7465451106090064","0,013819557563974572","1","7","1","0","False"
"2021-06-28","AKR","-0,0391978122151323","-0,0391978122151323","4","3","0","0","False"
"2021-06-28","FLR","-0,09916897506925204","-0,09916897506925204","2","1","0","1","True"
"2021-06-28","GIL","-0,05972222222222223","-0,05972222222222223","3","2","0","0","False"
"2021-06-28","NVDA","-0,7597197898423818","-0,03887915936952702","1","4","1","0","False"
"2021-06-29","NVDA","-0,7565381302507896","-0,026152521003158458","1","4","1","0","False"
"2021-06-29","SLM","-0,07902439024390251","-0,07902439024390251","2","1","0","1","True"
"2021-06-29","TS","-0,04652233993551369","-0,04652233993551369","3","2","0","0","False"
"2021-06-29","ULTA","-0,0285074322948482","-0,0285074322948482","4","3","0","0","False"
"2021-06-30","ARMK","-0,04402684550742475","-0,04402684550742475","3","2","0","0","False"
"2021-06-30","FLEX","-0,020710688016150502","-0,020710688016150502","4","3","0","0","False"
"2021-06-30","IBOC","-0,0819748486259897","-0,0819748486259897","2","1","0","1","False"
"2021-06-30","NVDA","-0,7542557180352456","-0,017022872140982304","1","4","1","0","False"
"2021-07-01","EPC","-0,05693296602387521","-0,05693296602387521","3","2","0","0","False"
"2021-07-01","NVDA","-0,758819018404908","-0,03527607361963192","1","3","1","0","False"
"2021-07-01","USFD","-0,09726603575184001","-0,09726603575184001","2","1","0","1","False"
"2021-07-02","ACIW","-0,09468884120171672","-0,09468884120171672","2","1","0","1","False"
"2021-07-02","NVDA","-0,7589935080782936","-0,03597403231317431","1","3","1","0","False"
"2021-07-02","RF","-0,05676209279368227","-0,05676209279368227","3","2","0","0","False"
"2021-07-06","NVDA","-0,760671063120516","-0,04268425248206398","1","2","1","0","False"
"2021-07-06","YUMC","-0,07720036046860923","-0,07720036046860923","2","1","0","1","False"
"2021-07-07","CFG","-0,05088943931546941","-0,05088943931546941","3","2","0","0","False"
"2021-07-07","DDS","-0,08855435023245517","-0,08855435023245517","2","1","0","1","True"
"2021-07-07","EWP","-0,009547383309759572","-0,009547383309759572","5","4","0","0","False"
"2021-07-07","NVDA","-0,751199577846773","-0,004798311387092524","1","5","1","0","False"
"2021-07-07","OC","-0,027721157766000815","-0,027721157766000815","4","3","0","0","False"
"2021-07-08","FHN","-0,029758214507129455","-0,029758214507129455","3","2","0","0","False"
"2021-07-08","IDCC","-0,004744105807935606","-0,004744105807935606","4","3","0","0","False"
"2021-07-08","NVDA","-0,7407770283001093","0,0368918867995629","1","7","1","0","False"
"2021-07-08","OKTA","0,004099339329777907","0,004099339329777907","5","4","0","0","True"
"2021-07-08","PRSU","-0,06334653052719319","-0,06334653052719319","2","1","0","1","True"
"2021-07-08","SPYV","0,018617699566437107","0,018617699566437107","6","5","0","0","False"
"2021-07-08","TTC","0,0275047344214987","0,0275047344214987","7","6","0","0","False"
"2021-07-09","DINO","-0,08367540258920125","-0,08367540258920125","2","1","0","1","True"
"2021-07-09","FCPT","-0,004165220409579895","-0,004165220409579895","5","4","0","0","False"
"2021-07-09","KALU","0,0038613210647386875","0,0038613210647386875","6","5","0","0","True"
"2021-07-09","NVDA","-0,746063016670615","0,015747933317539653","1","7","1","0","False"
"2021-07-09","PHYS","-0,021008403361344463","-0,021008403361344463","4","3","0","0","False"
"2021-07-09","PK","-0,0447837150127226","-0,0447837150127226","3","2","0","0","True"
"2021-07-09","TXN","0,014137804173017354","0,014137804173017354","7","6","0","0","False"
"2021-07-12","DFEN","-0,05297741273100631","-0,05297741273100631","3","2","0","0","True"
"2021-07-12","NVDA","-0,7526508226691042","-0,010603290676416854","1","4","1","0","False"
"2021-07-12","SSB","-0,09211356466876963","-0,09211356466876963","2","1","0","1","False"
"2021-07-12","UHS","-0,027088182053271237","-0,027088182053271237","4","3","0","0","False"
"2021-07-13","BLMN","-0,0781362007168459","-0,0781362007168459","2","1","0","1","True"
"2021-07-13","H","-0,035196687370600444","-0,035196687370600444","3","2","0","0","False"
"2021-07-13","NVDA","-0,7538765432098765","-0,01550617283950595","1","3","1","0","False"
"2021-07-14","KRG","-0,06103286384976525","-0,06103286384976525","2","1","0","1","False"
"2021-07-14","NVDA","-0,7517954791724416","-0,00718191668976631","1","3","1","0","False"
"2021-07-14","ZD","-0,025390470280689748","-0,025390470280689748","3","2","0","0","False"
"2021-07-15","BF.B","-0,059171597633136064","-0,059171597633136064","2","1","0","1","False"
"2021-07-15","BXP","0,008832861675670989","0,008832861675670989","5","4","0","0","False"
"2021-07-15","IGIB","-0,003455652460095493","-0,003455652460095493","4","3","0","0","False"
"2021-07-15","IJR","0,033167036215816736","0,033167036215816736","7","6","0","0","False"
"2021-07-15","MLKN","-0,02377214622112589","-0,02377214622112589","3","2","0","0","True"
"2021-07-15","NVDA","-0,7376260462663942","0,04949581493442312","1","8","1","0","False"
"2021-07-15","SPXC","0,02305384493920748","0,02305384493920748","6","5","0","0","False"
"2021-07-15","TFC","0,04744002864303609","0,04744002864303609","8","7","0","0","False"
"2021-07-16","AGG","0,0006039689387402625","0,0006039689387402625","4","3","0","0","False"
"2021-07-16","ESNT","0,08378870673952643","0,08378870673952643","9","8","0","0","False"
"2021-07-16","FVD","0,031071339796171937","0,031071339796171937","6","5","0","0","False"
"2021-07-16","KRC","-0,053708439897698246","-0,053708439897698246","2","1","0","1","False"
"2021-07-16","NVDA","-0,7220968008369584","0,11161279665216672","1","9","1","0","True"
"2021-07-16","OKE","-0,01613205777527671","-0,01613205777527671","3","2","0","0","False"
"2021-07-16","ROCK","0,017827298050139273","0,017827298050139273","5","4","0","0","False"
"2021-07-16","SNPS","0,05987850737633793","0,05987850737633793","8","7","0","0","False"
"2021-07-16","TGT","0,041369699382838965","0,041369699382838965","7","6","0","0","False"
"2021-07-19","AEO","-0,038863976083707175","-0,038863976083707175","2","1","0","1","True"
"2021-07-19","AXON","0,05998861696072866","0,05998861696072866","7","6","0","0","True"
"2021-07-19","DEM","0,01035103510351032","0,01035103510351032","4","3","0","0","False"
"2021-07-19","NVDA","-0,7344213847362185","0,062314461055125836","1","7","1","0","False"
"2021-07-19","REET","0,03390435403283365","0,03390435403283365","5","4","0","0","False"
"2021-07-19","USIG","-0,004737014047696775","-0,004737014047696775","3","2","0","0","False"
"2021-07-19","VGT","0,048916735864724004","0,048916735864724004","6","5","0","0","False"
"2024-05-10","BBUS","0,026903445342407295","0,026903445342407295","9","8","0","0","False"
"2024-05-10","IGM","0,05996720543452816","0,05996720543452816","9","9","1","0","False"
"2024-05-10","ING","0,00809716599190291","0,00809716599190291","8","7","0","0","False"
"2024-05-10","IWM","-0,01184474572952876","-0,01184474572952876","6","5","0","0","False"
"2024-05-10","NVDA","-0,8644940919913661","0,35505908008633935","1","10","1","1","True"
"2024-05-10","ORA","0,060321525110257346","0,060321525110257346","10","9","1","1","False"
"2024-05-10","PATK","-0,08687405390867853","-0,08687405390867853","2","1","0","1","False"
"2024-05-10","SDGR","-0,060712714474263074","-0,060712714474263074","3","2","0","0","True"
"2024-05-10","SPSB","-0,00033772374197904576","-0,00033772374197904576","7","6","0","0","False"
"2024-05-10","TRMB","-0,025352112676056304","-0,025352112676056304","5","4","0","0","False"
"2024-05-10","XOM","-0,041369955917260004","-0,041369955917260004","4","3","0","0","False"
"2024-05-13","ABR","-0,017569546120058566","-0,017569546120058566","6","5","0","0","False"
"2024-05-13","DV","-0,06687402799377917","-0,06687402799377917","3","2","0","0","True"
"2024-05-13","GBCI","-0,0932575561870318","-0,0932575561870318","2","1","0","1","False"
"2024-05-13","GNRC","-0,005568644249303922","-0,005568644249303922","7","6","0","0","False"
"2024-05-13","IONS","0,022938144329896826","0,022938144329896826","9","8","0","0","False"
"2024-05-13","NVDA","-0,8662485204482351","0,3375147955176494","1","10","1","1","True"
"2024-05-13","SCHG","0,058874179313313846","0,058874179313313846","10","9","1","0","False"
"2024-05-13","SPIB","0,004019789734075241","0,004019789734075241","8","7","0","0","False"
"2024-05-13","SPXC","-0,04848920863309358","-0,04848920863309358","4","3","0","0","False"
"2024-05-13","TME","-0,030405405405405483","-0,030405405405405483","5","4","0","0","True"
"2024-05-14","APTV","-0,09138097537421541","-0,09138097537421541","2","1","0","1","False"
"2024-05-14","CTAS","0,0069507052493820165","0,0069507052493820165","8","7","0","0","False"
"2024-05-14","DOCN","-0,014974619289339963","-0,014974619289339963","6","5","0","0","True"
"2024-05-14","IJR","-0,027989130434782683","-0,027989130434782683","5","4","0","0","False"
"2024-05-14","ILCG","0,06386621016592064","0,06386621016592064","9","9","1","0","False"
"2024-05-14","IT","-0,001855372563391855","-0,001855372563391855","7","6","0","0","False"
"2024-05-14","JCI","0,06414473684210531","0,06414473684210531","10","9","1","1","False"
"2024-05-14","MEOH","-0,04392716350666426","-0,04392716350666426","4","3","0","0","False"
"2024-05-14","NVDA","-0,8629537345162075","0,3704626548379246","1","10","1","1","True"
"2024-05-14","PEB","-0,06363027461486936","-0,06363027461486936","3","2","0","0","False"
"2024-05-14","ROAD","0,0257806826434277","0,0257806826434277","9","8","0","0","True"
"2024-05-15","ABR","-0,05790190735694822","-0,05790190735694822","4","3","0","0","False"
"2024-05-15","CW","-0,028953068592057707","-0,028953068592057707","6","5","0","0","False"
"2024-05-15","DLTR","-0,1032828282828282","-0,1032828282828282","2","1","0","1","False"
"2024-05-15","EQT","-0,01539213290984609","-0,01539213290984609","7","6","0","0","True"
"2024-05-15","GTM","-0,07820804859529229","-0,07820804859529229","3","2","0","0","True"
"2024-05-15","IONS","0,0487120632491711","0,0487120632491711","10","9","1","1","False"
"2024-05-15","MDYV","-0,040840446487196314","-0,040840446487196314","5","4","0","0","False"
"2024-05-15","NVDA","-0,8630349783366797","0,3696502166332032","1","10","1","1","True"
"2024-05-15","PPH","0,013449454304927944","0,013449454304927944","9","8","0","0","False"
"2024-05-15","RARE","0,048638132295719894","0,048638132295719894","9","9","1","0","True"
"2024-05-15","ZS","-0,0004416717274884352","-0,0004416717274884352","8","7","0","0","True"
"2024-05-16","CTSH","-0,08630740793402525","-0,08630740793402525","3","2","0","0","False"
"2024-05-16","CUZ","-0,034295273943956484","-0,034295273943956484","6","5","0","0","False"
"2024-05-16","HUM","0,01052957572003721","0,01052957572003721","9","8","0","0","True"
"2024-05-16","MFC","-0,04888215233042814","-0,04888215233042814","5","4","0","0","False"
"2024-05-16","NOVT","-0,019993922819811716","-0,019993922819811716","7","6","0","0","False"
"2024-05-16","NVDA","-0,8602359075445903","0,3976409245540964","1","10","1","1","True"
"2024-05-16","OLN","-0,11416415529161494","-0,11416415529161494","2","1","0","1","False"
"2024-05-16","SHOO","0,04644481685420154","0,04644481685420154","10","9","1","0","False"
"2024-05-16","VIG","-0,0043565866143875365","-0,0043565866143875365","8","7","0","0","False"
"2024-05-16","VSH","-0,06383872322553552","-0,06383872322553552","4","3","0","0","False"
"2024-05-17","AIT","-0,06025686583075285","-0,06025686583075285","4","3","0","0","False"
"2024-05-17","DHR","-0,04390519187358921","-0,04390519187358921","5","4","0","0","False"
"2024-05-17","EQH","-0,017186349128406442","-0,017186349128406442","7","6","0","0","False"
"2024-05-17","ETSY","-0,08238236673440669","-0,08238236673440669","3","2","0","0","True"
"2024-05-17","ICSH","-0,0003963535473643365","-0,0003963535473643365","8","7","0","0","False"
"2024-05-17","MTUM","0,053041622198505944","0,053041622198505944","10","9","1","0","False"
"2024-05-17","NVDA","-0,8583678456730717","0,4163215432692826","1","10","1","1","True"
"2024-05-17","NWS","0,013663220088626415","0,013663220088626415","9","8","0","0","False"
"2024-05-17","RAMP","-0,11097708082026525","-0,11097708082026525","2","1","0","1","False"
"2024-05-17","SPMD","-0,03002832861189808","-0,03002832861189808","6","5","0","0","False"
"2024-05-20","BDC","0,0169437678703801","0,0169437678703801","9","8","0","0","False"
"2024-05-20","ETR","-0,05984042553191493","-0,05984042553191493","4","3","0","0","False"
"2024-05-20","JNK","0,00021152829190906886","0,00021152829190906886","8","7","0","0","False"
"2024-05-20","KMX","-0,014744384731982807","-0,014744384731982807","7","6","0","0","False"
"2024-05-20","LMAT","0,05290338833606256","0,05290338833606256","10","9","1","0","False"
"2024-05-20","LULU","-0,04231510074296019","-0,04231510074296019","5","4","0","0","True"
"2024-05-20","NVDA","-0,8569529436589998","0,4304705634100021","1","10","1","1","True"
"2024-05-20","QID","-0,11366806136680618","-0,11366806136680618","2","1","0","1","True"
"2024-05-20","WSC","-0,08255114320096268","-0,08255114320096268","3","2","0","0","False"
"2024-05-20","XBI","-0,02785303999132971","-0,02785303999132971","6","5","0","0","False"
"2024-05-21","BTI","0,0009532888465204614","0,0009532888465204614","8","7","0","0","False"
"2024-05-21","CARG","0,05069124423963123","0,05069124423963123","10","9","1","0","True"
"2024-05-21","DEI","-0,05575158786167955","-0,05575158786167955","4","3","0","0","False"
"2024-05-21","DG","-0,10589060308555398","-0,10589060308555398","2","1","0","1","False"
"2024-05-21","FENY","-0,04061895551257255","-0,04061895551257255","5","4","0","0","False"
"2024-05-21","GLDM","-0,026852622814321436","-0,026852622814321436","6","5","0","0","False"
"2024-05-21","KEYS","-0,07461054933041822","-0,07461054933041822","3","2","0","0","False"
"2024-05-21","NVDA","-0,8628939257333361","0,3710607426666386","1","10","1","1","True"
"2024-05-21","NWS","0,015503875968992276","0,015503875968992276","9","8","0","0","False"
"2024-05-21","TRIP","-0,013743815283122629","-0,013743815283122629","7","6","0","0","True"
"2024-05-22","ADNT","-0,09340463458110515","-0,09340463458110515","2","1","0","1","True"
"2024-05-22","BKH","-0,04547905806219665","-0,04547905806219665","4","3","0","0","False"
"2024-05-22","CGNX","-0,007458048477315238","-0,007458048477315238","7","6","0","0","False"
"2024-05-22","G","-0,06476079346557762","-0,06476079346557762","3","2","0","0","False"
"2024-05-22","LH","0,020179929419951392","0,020179929419951392","9","8","0","0","False"
"2024-05-22","NVDA","-0,8666982762824353","0,33301723717564635","1","10","1","1","True"
"2024-05-22","PINS","0,05413243112614774","0,05413243112614774","10","9","1","0","False"
"2024-05-22","SAH","-0,033715798764342386","-0,033715798764342386","5","4","0","0","False"
"2024-05-22","SPYD","-0,020293398533007267","-0,020293398533007267","6","5","0","0","False"
"2024-05-22","TBLL","0,0044613194114855315","0,0044613194114855315","8","7","0","0","False"
"2024-05-23","ADI","-0,026006139154160945","-0,026006139154160945","4","3","0","0","False"
"2024-05-23","APPF","-0,011287162449953203","-0,011287162449953203","5","4","0","0","True"
"2024-05-23","BJ","0,06406249999999991","0,06406249999999991","10","9","1","0","False"
"2024-05-23","GBIL","-0,0003998800359892307","-0,0003998800359892307","6","5","0","0","False"
"2024-05-23","HQY","0,03607214428857719","0,03607214428857719","9","8","0","0","False"
"2024-05-23","MT","-0,07321848081440863","-0,07321848081440863","2","1","0","1","False"
"2024-05-23","NMRK","-0,0444444444444444","-0,0444444444444444","3","2","0","0","True"
"2024-05-23","NVDA","-0,886212776616345","0,13787223383654945","1","10","1","1","True"
"2024-05-23","SPIB","0,008335906143871474","0,008335906143871474","7","6","0","0","False"
"2024-05-23","VCLT","0,01871622512191906","0,01871622512191906","8","7","0","0","False"
"2024-05-24","BBUS","0,027728366642251867","0,027728366642251867","9","8","0","0","False"
"2024-05-24","BEPC","-0,08804448563484701","-0,08804448563484701","2","1","0","1","False"
"2024-05-24","EFG","-0,011975474228779426","-0,011975474228779426","6","5","0","0","False"
"2024-05-24","IEI","0,011789363374377748","0,011789363374377748","8","7","0","0","False"
"2024-05-24","NVDA","-0,8815711615587636","0,18428838441236417","1","10","1","1","True"
"2024-05-24","OPLN","-0,03981264637002335","-0,03981264637002335","4","3","0","0","False"
"2024-05-24","SMIN","0,053993986141979367","0,053993986141979367","10","9","1","0","False"
"2024-05-24","UGI","-0,05652535328345798","-0,05652535328345798","3","2","0","0","False"
"2024-05-24","VPU","-0,025897700852492878","-0,025897700852492878","5","4","0","0","False"
"2024-05-28","DUK","-0,012156552678394994","-0,012156552678394994","6","5","0","0","False"
"2024-05-28","FAF","-0,02513300311869382","-0,02513300311869382","5","4","0","0","False"
"2024-05-28","MEOH","-0,08960843373493976","-0,08960843373493976","2","1","0","1","False"
"2024-05-28","NVDA","-0,8890264352376186","0,1097356476238136","1","10","1","1","True"
"2024-05-28","PRI","0,05828771426007351","0,05828771426007351","10","9","1","0","False"
"2024-05-28","SPAB","0,012484897301651365","0,012484897301651365","8","7","0","0","False"
"2024-05-28","SPYM","0,029359858815979356","0,029359858815979356","9","8","0","0","False"
"2024-05-28","TGT","0,00047586675730793004","0,00047586675730793004","7","6","0","0","False"
"2024-05-28","VGK","-0,03822388274177324","-0,03822388274177324","4","3","0","0","False"
"2024-05-28","ZBRA","-0,058607160372731726","-0,058607160372731726","3","2","0","0","False"
"2024-05-29","ALL","-0,021345565749235518","-0,021345565749235518","4","3","0","0","False"
"2024-05-29","BUR","-0,07741935483870965","-0,07741935483870965","2","1","0","1","False"
"2024-05-29","EWJ","0,002667852378835045","0,002667852378835045","6","5","0","0","False"
"2024-05-29","FWONK","-0,008478052782715628","-0,008478052782715628","5","4","0","0","False"
"2024-05-29","HRMY","0,07330378452096831","0,07330378452096831","10","9","1","0","True"
"2024-05-29","ICE","0,04183402804092462","0,04183402804092462","9","8","0","0","False"
"2024-05-29","LOW","0,02580855929434822","0,02580855929434822","8","7","0","0","False"
"2024-05-29","NVDA","-0,892018288700196","0,07981711299804051","1","10","1","1","True"
"2024-05-29","TIP","0,01171247756682714","0,01171247756682714","7","6","0","0","False"
"2024-05-29","VYX","-0,04344453064391007","-0,04344453064391007","3","2","0","0","True"
"2024-05-30","BRSL","0,04122137404580162","0,04122137404580162","9","8","0","0","True"
"2024-05-30","DEO","-0,047230408826418935","-0,047230408826418935","3","2","0","0","False"
"2024-05-30","FLOT","-0,0005868544600937664","-0,0005868544600937664","6","5","0","0","False"
"2024-05-30","LSPD","-0,08305425318151372","-0,08305425318151372","2","1","0","1","True"
"2024-05-30","NVDA","-0,8881990950226244","0,11800904977375581","1","10","1","1","True"
"2024-05-30","O","0,02067632850241541","0,02067632850241541","8","7","0","0","False"
"2024-05-30","OUT","-0,011748445204176727","-0,011748445204176727","5","4","0","0","False"
"2024-05-30","PCAR","-0,026572104018912523","-0,026572104018912523","4","3","0","0","False"
"2024-05-30","PSA","0,07236057262153284","0,07236057262153284","10","9","1","0","False"
"2024-05-30","TZA","0,007600434310531812","0,007600434310531812","7","6","0","0","True"
"2024-05-31","BL","0,006915339480301652","0,006915339480301652","8","7","0","0","True"
"2024-05-31","CMCSA","-0,04646515091957182","-0,04646515091957182","4","3","0","0","False"
"2024-05-31","DEO","-0,06825079576578574","-0,06825079576578574","3","2","0","0","False"
"2024-05-31","DKNG","0,06177056646740664","0,06177056646740664","10","9","1","0","True"
"2024-05-31","FTV","-0,031164712554947238","-0,031164712554947238","5","4","0","0","False"
"2024-05-31","HOG","-0,09838350055741363","-0,09838350055741363","2","1","0","1","False"
"2024-05-31","KIM","-0,004648760330578483","-0,004648760330578483","7","6","0","0","False"
"2024-05-31","MLTX","0,028037383177570208","0,028037383177570208","9","8","0","0","True"
"2024-05-31","NVDA","-0,8866217288590115","0,13378271140988574","1","10","1","1","True"
"2024-05-31","WTRG","-0,016962629207527002","-0,016962629207527002","6","5","0","0","False"
"2024-06-03","AGCO","-0,08837209302325566","-0,08837209302325566","2","1","0","1","False"
"2024-06-03","AIG","-0,03817671092951991","-0,03817671092951991","4","3","0","0","False"
"2024-06-03","BAH","0,015082054348548368","0,015082054348548368","8","7","0","0","False"
"2024-06-03","DE","-0,00861132239487128","-0,00861132239487128","6","5","0","0","False"
"2024-06-03","HUN","-0,05833333333333324","-0,05833333333333324","3","2","0","0","False"
"2024-06-03","NVDA","-0,8933304347826087","0,06669565217391304","1","9","1","0","True"
"2024-06-03","SCHK","0,036760369569490914","0,036760369569490914","9","8","0","0","False"
"2024-06-03","VGSH","0,0010395010395010118","0,0010395010395010118","7","6","0","0","False"
"2024-06-03","VSS","-0,021368587345140022","-0,021368587345140022","5","4","0","0","False"
"2024-06-04","BILI","0,0804828973843057","0,0804828973843057","10","9","1","0","True"
"2024-06-04","CUZ","-0,011279826464208331","-0,011279826464208331","5","4","0","0","False"
"2024-06-04","DBRG","0,008295625942684737","0,008295625942684737","7","6","0","0","True"
"2024-06-04","FAST","-0,025645010879701724","-0,025645010879701724","4","3","0","0","False"
"2024-06-04","LQD","-0,0005574136008918984","-0,0005574136008918984","6","5","0","0","False"
"2024-06-04","NVDA","-0,8898288344770133","0,10171165522986692","1","10","1","1","True"
"2024-06-04","OSK","-0,04281456056363464","-0,04281456056363464","3","2","0","0","False"
"2024-06-04","RVMD","-0,07189542483660127","-0,07189542483660127","2","1","0","1","True"
"2024-06-04","SCHK","0,04268292682926811","0,04268292682926811","9","8","0","0","False"
"2024-06-04","WMT","0,02462462462462467","0,02462462462462467","8","7","0","0","False"
"2024-06-05","EVTC","-0,01880597014925378","-0,01880597014925378","5","4","0","0","False"
"2024-06-05","IAU","0,014834794335805812","0,014834794335805812","8","7","0","0","False"
"2024-06-05","LVMUY","-0,05389984825493166","-0,05389984825493166","3","2","0","0","False"
"2024-06-05","NVDA","-0,8972312969617772","0,027687030382227862","1","8","1","0","True"
"2024-06-05","PAYX","-0,03370601775731663","-0,03370601775731663","4","3","0","0","False"
"2024-06-05","RL","-0,08535328886719817","-0,08535328886719817","2","1","0","1","False"
"2024-06-05","SCHC","-0,006292749658002639","-0,006292749658002639","6","5","0","0","False"
"2024-06-05","SHY","0,0023324330959981765","0,0023324330959981765","7","6","0","0","False"
"2024-06-06","GLD","-0,005651004876270349","-0,005651004876270349","6","5","0","0","False"
"2024-06-06","GUNR","-0,028804608737397874","-0,028804608737397874","4","3","0","0","False"
"2024-06-06","NVDA","-0,8940478355014132","0,05952164498586732","1","9","1","0","True"
"2024-06-06","PM","-0,015828856485034404","-0,015828856485034404","5","4","0","0","False"
"2024-06-06","PSQ","-0,08001882795951987","-0,08001882795951987","2","1","0","1","False"
"2024-06-06","SAIA","0,015443759528070533","0,015443759528070533","8","7","0","0","True"
"2024-06-06","SH","-0,048387096774193394","-0,048387096774193394","3","2","0","0","False"
"2024-06-06","SNDR","0,03577738515901063","0,03577738515901063","9","8","0","0","False"
"2024-06-06","SPMB","0,002776492364646055","0,002776492364646055","7","6","0","0","False"
"2024-06-07","BEKE","-0,047738693467336724","-0,047738693467336724","3","2","0","0","True"
"2024-06-07","BTI","0,02516940948693125","0,02516940948693125","8","7","0","0","False"
"2024-06-07","CALM","0,07554637755980043","0,07554637755980043","9","9","1","0","False"
"2024-06-07","DAC","-0,07900318133616124","-0,07900318133616124","2","1","0","1","False"
"2024-06-07","EEM","0,04234062797335869","0,04234062797335869","9","8","0","0","False"
"2024-06-07","ITW","-0,02645370601447461","-0,02645370601447461","4","3","0","0","False"
"2024-06-07","IUSG","0,07572673235078575","0,07572673235078575","10","9","1","1","False"
"2024-06-07","NVDA","-0,8913208920653828","0,08679107934617147","1","10","1","1","True"
"2024-06-07","PULS","-0,00010088781275230385","-0,00010088781275230385","6","5","0","0","False"
"2024-06-07","TOTL","0,00937658388241247","0,00937658388241247","7","6","0","0","False"
"2024-06-07","TZA","-0,01194805194805193","-0,01194805194805193","5","4","0","0","True"
